survey_id,vehicle_id,purchase_date,age,gender,income_bracket,education,region,purchase_reason,expected_usage,vehicle_type_purchased,driving_style,km_driven,satisfaction_score,would_recommend
4373ba11-8069-455a-acb2-b83fcb4a2677,76dd4a81-d39e-49c6-b089-62d16e9a2bff,2025-01-06,51,femenino,medio-alto,universidad,sur,rendimiento,mixto,deportivo,aggressive,9433.0,2,False
394fdcf2-6482-43b0-896d-535d5b0354b0,d9db153a-a066-40a8-a2e9-f0d24e8de6c8,2025-01-30,44,femenino,medio,universidad,norte,economia,carretera,electrico,aggressive,23910.0,2,False
a5a457cf-2392-422a-90ca-d9a839510c4b,67caeac0-243f-4abc-b142-6a43ecbab59f,2025-01-03,65,masculino,medio,universidad,este,economia,ciudad,hibrido,normal,29188.0,2,False
d5da24bb-9650-4008-915e-df1b6e2915b2,71ab39c2-f0c2-4a6b-81eb-f99c623669af,2025-01-25,30,masculino,medio,posgrado,sur,rendimiento,carretera,gasolina,aggressive,31059.0,2,False
556a9ec4-faa5-4fb6-b174-bdf0806bd177,752b4b3c-82d9-4aec-a720-593c9837c1b2,2025-01-16,34,femenino,medio-bajo,universidad,centro,economia,ciudad,hibrido,normal,22629.0,2,False
d81cacf6-ba4d-4a89-9b91-e37cdc842512,b518eca5-d5a3-4db9-a169-32aaa3cc4486,2025-01-01,21,masculino,medio,universidad,este,seguridad,carretera,deportivo,aggressive,25998.0,2,False
6025414d-b615-46b5-9ce6-664b03430c22,52e19d17-0958-4579-b388-83e95fe4365c,2025-01-13,34,masculino,medio-alto,posgrado,centro,seguridad,ciudad,electrico,normal,21548.0,3,True
b492f451-4f54-4b87-9dd9-c997f48c470d,520af341-c1ad-4aa8-9383-5d0a83437a6b,2025-01-14,49,masculino,bajo,universidad,sur,economia,mixto,gasolina,calm,17526.0,3,False
0b1f9454-0366-4c7d-87e8-f0a33ea7b22f,d1d2671d-2e95-40d1-bb23-a1fb97f1692a,2025-01-08,32,masculino,bajo,universidad,este,economia,mixto,hibrido,normal,11647.0,4,True
30b89175-2b41-46d4-91e9-751b330fa6f9,de476087-d257-4612-95e7-4052a9a0fad9,2025-01-23,32,masculino,bajo,posgrado,norte,ecologia,carretera,electrico,normal,19480.0,2,False
0931387a-d1f9-45da-9b1f-d7cba165aaad,c6da5e08-e49c-4c51-8829-5717b3c10ddd,2025-01-21,51,femenino,medio-alto,universidad,sur,estilo,ciudad,electrico,calm,17350.0,4,True
cfec671f-8106-4e0b-8349-fc3eb5acca2c,67002832-695e-44a3-930e-f99abbac77aa,2025-01-03,36,masculino,alto,posgrado,norte,tecnologia,ciudad,gasolina,calm,28964.0,2,False
63e4630a-e943-4d85-9ac5-4136796dd02a,67f0f860-0231-4678-98c5-eef2f918bb07,2025-01-17,42,femenino,medio-alto,posgrado,sur,tecnologia,ciudad,electrico,normal,15973.0,3,True
05bd324c-db25-45e0-a637-8772c50086f2,a6129dce-3a80-489e-bba7-2cc759e0c214,2025-01-02,37,masculino,medio-alto,universidad,centro,seguridad,mixto,hibrido,aggressive,8848.0,2,False
783f7079-61e8-4dc3-868d-76fc88702de8,50707b96-24ec-4e46-835e-b1d9a1025264,2025-01-09,40,femenino,alto,universidad,centro,seguridad,mixto,electrico,normal,11399.0,3,False
f079b85a-32a5-4d6e-897b-02a4da9bc99c,8bca5abd-83c7-413a-97f5-d074ec7a3cd8,2025-01-03,62,femenino,medio-alto,universidad,oeste,ecologia,mixto,electrico,calm,24300.0,3,True
96da6036-324b-491d-b0d6-fe1ee10ddec3,fbbb7cca-7726-457e-8701-5d0b641e00c0,2025-01-30,26,masculino,bajo,universidad,oeste,estilo,ciudad,gasolina,aggressive,37072.0,2,False
f9916221-3350-4106-82c7-ce317a153ec6,f9e40daa-9229-4067-93d8-ad21fc6b4f56,2025-01-18,66,femenino,medio-bajo,universidad,este,economia,ciudad,electrico,normal,8046.0,3,False
c23afac1-3aed-4d97-8a24-85b95ca8be48,3fd0806c-73ca-40d2-b003-4d103e5cbc3f,2025-01-29,46,femenino,medio-bajo,posgrado,este,economia,mixto,gasolina,calm,17215.0,3,False
8ff7db3c-70ab-414e-bf20-11657b43a40f,5ffec722-2a36-47d9-a64f-086545e1c076,2025-01-15,24,femenino,medio,posgrado,sur,rendimiento,ciudad,gasolina,aggressive,27463.0,1,False
0476f8e6-bcad-4861-88de-6cef5e2b7781,ca6bbf1c-ce97-4f0d-ab19-d6b2a6b43f30,2025-01-04,53,masculino,alto,universidad,norte,ecologia,ciudad,electrico,normal,26693.0,4,True
52f7c8c4-a22d-496b-bf20-d7fe284ddd28,3546a3c4-e3ba-4233-9251-8b482ad35ee5,2025-01-18,29,femenino,medio-alto,universidad,sur,seguridad,ciudad,electrico,aggressive,35072.0,4,True
e9cd3384-07c1-48a1-8294-03788d192f71,6d2dce90-bd91-4d84-b52f-f630f4f0d1e4,2025-01-25,19,masculino,bajo,secundaria,oeste,estilo,ciudad,gasolina,normal,9465.0,3,False
110fa69a-5567-4334-9c68-90dacea2d42c,286da00f-b0eb-476e-805a-01227025b3c9,2025-01-18,36,femenino,medio,secundaria,este,rendimiento,carretera,deportivo,aggressive,7000.0,3,False
20236ee7-bd70-43d0-81fb-eb2252dac269,420096be-ec45-45b9-ad20-6ec93538547a,2025-01-10,18,femenino,bajo,posgrado,centro,estilo,ciudad,deportivo,normal,31307.0,2,False
5a5fc665-b342-4d96-b3c6-e65f068c4d3d,ffe1063b-6c59-41fa-9e63-a01d3b732610,2025-01-08,53,femenino,medio-alto,posgrado,centro,rendimiento,carretera,gasolina,aggressive,19055.0,2,False
ebc010ca-adac-4e4e-be80-39fc78b38c53,b160afe5-6ef3-41ce-a025-87e50a8c41a9,2025-01-21,21,masculino,medio-bajo,posgrado,sur,rendimiento,ciudad,gasolina,normal,26572.0,2,False
ec231364-1d11-4a5a-9d45-b3d344dba135,8a693999-d017-4699-af35-0a8a6a707eeb,2025-01-07,44,masculino,medio-alto,posgrado,norte,ecologia,mixto,hibrido,normal,20823.0,2,False
424b8e2f-4856-41de-817b-0cfd6fbf5b5f,1b176ac7-e470-49a6-b1a5-b4c153f1f324,2025-01-14,40,masculino,medio-alto,posgrado,oeste,rendimiento,mixto,electrico,aggressive,9700.0,3,True
e55280e2-d0fa-40e4-b97f-1bc6d1a83af2,9661fd22-219f-4a6c-a8bb-180397d22cc0,2025-01-16,53,femenino,medio,universidad,este,seguridad,ciudad,hibrido,calm,19124.0,3,True
292f9374-e3a3-44ca-b9f8-b8ccc9b10288,05d940bb-0a44-4770-a2e0-465a8504b31e,2025-01-23,50,femenino,alto,posgrado,sur,rendimiento,ciudad,electrico,normal,15465.0,3,False
63a3a609-575d-407a-9a3b-3d0c67f1b163,0ec4f37e-68a2-4f11-b8d3-afa45ce8883e,2025-01-17,54,masculino,medio,universidad,norte,rendimiento,ciudad,electrico,aggressive,18340.0,2,False
71e64417-27da-4132-b0b5-7adec43e4dfc,a4be9501-4fb6-435a-b551-170602916759,2025-01-15,61,masculino,medio,secundaria,este,ecologia,mixto,hibrido,calm,26263.0,2,False
f88d9741-0060-4825-995c-261701947338,8b8caf55-9166-4c6b-95c0-40a4f2ad2c9c,2025-01-04,41,masculino,medio,universidad,sur,estilo,ciudad,gasolina,normal,12548.0,3,True
c9f6e710-e79b-4b51-9342-c6de30a74a4e,84881998-494d-4141-b472-20a841226f46,2025-01-26,52,femenino,medio-bajo,secundaria,centro,ecologia,carretera,hibrido,calm,27426.0,3,False
7caff523-5515-4115-8a64-060daccc0c29,cda33039-903e-430b-bf78-72e120974940,2025-01-02,32,femenino,medio-alto,posgrado,centro,economia,ciudad,electrico,normal,25037.0,2,False
e26db4f6-dc33-476b-9ce6-0af4e30d8eac,c3e4a357-04a6-4999-ba12-2be0b5d91585,2025-01-03,54,femenino,medio-alto,posgrado,oeste,ecologia,ciudad,electrico,calm,17613.0,4,True
e591a5b0-9834-4b6e-af8f-88214fc73f48,5ed512ae-750a-4069-b562-c69b2dbd8e6d,2025-01-27,33,femenino,medio-bajo,secundaria,centro,economia,mixto,hibrido,normal,6363.0,3,True
f25382e2-c592-458d-905f-1c00ce56f899,1c91e357-95b4-42db-9014-a8c49b4c1063,2025-01-17,29,masculino,alto,universidad,norte,seguridad,mixto,hibrido,aggressive,11907.0,3,True
edf74a91-e265-4545-8330-01de81a41610,3a9ee1b6-32f0-410a-8211-9d9ff27add0e,2025-01-13,42,femenino,medio-bajo,universidad,este,seguridad,carretera,gasolina,calm,8352.0,3,True
285d9a80-e683-41e1-b326-907e8140b652,4999809d-0320-4e5c-82bd-e656e4f273ab,2025-01-18,44,masculino,medio,universidad,sur,seguridad,ciudad,electrico,normal,16853.0,3,True
0bc389aa-6beb-4e08-81f8-e5e722e195c8,dcbaf41a-56b7-42a1-9166-5069d953edce,2025-01-27,42,femenino,medio,universidad,sur,estilo,carretera,gasolina,normal,14016.0,3,True
e6274fda-0414-4e00-9ff1-a34b9955ddd6,ad35bee4-2d0e-4ff0-b99b-0e299773aa49,2025-01-15,42,femenino,medio,secundaria,sur,estilo,carretera,electrico,calm,26050.0,3,False
577cf532-8e60-473e-aee6-4538fae8be5b,6788b877-5fbe-480a-af25-94a713a5d3f8,2025-01-29,27,femenino,bajo,universidad,sur,estilo,mixto,gasolina,normal,24025.0,2,False
760d0bbc-9aae-404a-9242-19b713fb4ca9,3bce6fcb-facc-407f-a458-188e4767536f,2025-01-13,62,masculino,medio-alto,universidad,este,estilo,carretera,gasolina,calm,10226.0,3,False
a36c52d6-946d-43d4-a7ae-de639e736a85,59fd619e-9b5d-4bad-954c-4b2b9037a117,2025-01-15,67,femenino,alto,universidad,sur,ecologia,ciudad,electrico,calm,7001.0,4,True
bd0ee29e-b789-4175-9e77-d99b7cc3d1ed,0f83af6a-2312-4c76-9431-140c10b597c7,2025-01-26,28,femenino,bajo,secundaria,norte,rendimiento,ciudad,gasolina,aggressive,23919.0,2,False
e6f7174c-4afe-4223-8ddb-2d4effa879db,951d4c0c-db43-4e28-88d9-e4856a0f7e6e,2025-01-24,43,femenino,medio-alto,universidad,sur,ecologia,ciudad,electrico,normal,13461.0,4,True
7b5c2dcd-d40e-4420-a38b-e5b5f555143c,e3fe8fb0-8b0d-47cb-a59d-e66631e060e1,2025-01-19,49,femenino,medio-alto,posgrado,sur,ecologia,ciudad,electrico,normal,7624.0,4,True
1010d07f-01b1-4e52-b866-cf5e5bd80ec4,01cb4faa-246c-4ac4-967e-686646c718d0,2025-01-22,31,masculino,medio-bajo,secundaria,norte,economia,mixto,gasolina,normal,19962.0,2,False
7f4f9db2-21e3-4aa8-b7c7-4f9711592399,a28596f9-79c8-4d38-8850-a9fe0bcc2ff4,2025-01-16,42,femenino,medio-alto,universidad,oeste,ecologia,mixto,gasolina,aggressive,28233.0,1,False
4c2cec72-8a8b-4f1e-9a86-e3a41f38dfbc,d7435445-eed1-4a99-831c-72c70163bf50,2025-01-02,32,femenino,medio-alto,universidad,centro,ecologia,mixto,electrico,normal,23750.0,3,True
a1ba640d-0c66-4ad4-b18e-a44b8ca42abb,fef3faaa-6054-41f2-862a-925c1d46dee7,2025-01-02,43,masculino,alto,posgrado,oeste,tecnologia,mixto,electrico,normal,25051.0,3,False
cab54628-0466-400b-9138-6c70a06455c7,cb971c7d-ccad-44e8-9fb1-afbdd02f4ad6,2025-01-19,20,masculino,medio,secundaria,norte,estilo,mixto,deportivo,aggressive,34530.0,1,False
8a9d8050-949b-47ad-8372-cd6e1c4ab27b,8d5a6bb2-d16a-450d-a87d-793c6b71894e,2025-01-24,49,femenino,medio-alto,universidad,norte,economia,carretera,hibrido,normal,10941.0,2,False
6391f6a5-73ff-42aa-bb78-600e30ae7c99,72bd0c35-ae74-417a-ba01-3316b919252b,2025-01-30,33,femenino,medio,posgrado,sur,economia,mixto,electrico,calm,13548.0,2,False
7c25da27-6c74-4a11-9b4f-22a4302e8805,220e7304-7c28-426f-98e1-8cf25412185e,2025-01-03,32,masculino,medio,secundaria,sur,ecologia,mixto,gasolina,normal,27882.0,3,False
0ad9bfe2-5a6c-4ac0-b38a-3ca1aa85563f,f79665d5-71a7-4520-babd-010cf5c8bef8,2025-01-27,26,masculino,medio-bajo,secundaria,centro,tecnologia,ciudad,gasolina,aggressive,32843.0,1,False
8936f171-6242-4ef5-a8c0-d684f4f5d5aa,4ca6f3f0-eaf9-4828-a512-ff12e5dfbbbd,2025-01-01,31,femenino,medio,secundaria,centro,tecnologia,carretera,hibrido,normal,11034.0,3,True
110aac42-ba30-4c03-9efd-9c30274dfcfe,95f4ca69-6009-4d77-82d9-111c26d432a4,2025-01-06,38,femenino,medio-alto,posgrado,sur,tecnologia,carretera,deportivo,aggressive,29171.0,1,False
09d742c7-a2ed-40a2-9adf-9cd6c9612785,94ec860a-d491-48c1-9c24-d079d7bb06b0,2025-01-30,38,femenino,alto,universidad,norte,tecnologia,carretera,electrico,aggressive,8711.0,3,False
e1dd734a-f242-476c-bd63-c59e648ee897,46dd4022-d8f1-4c1e-aa97-77d1f294d40f,2025-01-13,40,masculino,medio-bajo,universidad,centro,economia,carretera,electrico,normal,10176.0,3,False
1c82900d-8d75-494d-ac85-4f9371655dc8,edfc9d32-c6b4-4b15-bd90-0f40e452591b,2025-01-18,20,masculino,medio,universidad,oeste,seguridad,ciudad,gasolina,aggressive,35922.0,1,False
63bed619-68c5-4a2e-b889-b1ce4673c157,0bbb7af2-4e22-453d-a8c9-f429dba2f207,2025-01-05,38,femenino,medio-bajo,secundaria,centro,rendimiento,mixto,gasolina,normal,22789.0,2,False
50e62791-9138-4168-907b-1939c9b2e4d2,53cac854-34f7-4138-93a5-f5f1b28299db,2025-01-09,57,masculino,bajo,secundaria,norte,economia,carretera,gasolina,normal,19755.0,2,False
fcf19b4e-7dfe-489e-87f7-7d27f4a989df,1dec912b-ec84-4a3d-bd53-f78b31d4c620,2025-01-25,43,masculino,medio-alto,universidad,este,ecologia,ciudad,hibrido,normal,20086.0,3,False
4c891260-b155-4010-a5dd-2e06366f74fe,f6f1566b-75cd-416d-8425-b78abd360c27,2025-01-10,47,masculino,medio,universidad,este,rendimiento,ciudad,electrico,calm,5476.0,3,True
f978cab2-0a29-43fd-bc8d-9453143497d7,3381c392-a537-4532-89bd-bf12ecb387ac,2025-01-01,32,femenino,medio,secundaria,oeste,economia,ciudad,hibrido,calm,17682.0,2,False
71fac3e1-2421-442f-8552-4bfa240a6102,b84eaf81-52a7-4fd8-b29c-f989f223a97e,2025-01-30,64,masculino,alto,universidad,sur,ecologia,carretera,gasolina,calm,6263.0,3,True
183e86b5-c569-427b-ab14-c8ee01cb81fa,9d4a6cbc-87a8-45cb-89d7-cd225a082e15,2025-01-18,23,femenino,medio-bajo,universidad,este,estilo,ciudad,hibrido,aggressive,20568.0,2,False
394356bf-691d-428e-a609-4c99f54966e3,9d364259-22d4-48a1-a255-45242a4192e1,2025-01-05,52,masculino,medio-alto,universidad,oeste,economia,mixto,gasolina,calm,7352.0,4,True
7608539b-5ee4-4956-b746-cf658ccae58e,67cd13e4-f98f-4c4b-9da8-02f0f4c8bcbd,2025-01-12,22,otro,bajo,posgrado,este,rendimiento,mixto,deportivo,normal,20094.0,1,False
4e6fba13-4a13-4ec0-9f80-3aa129d8e0f1,2bbb7d48-72d6-4940-8e7e-baad614ccbf0,2025-01-13,36,femenino,medio-alto,universidad,este,tecnologia,ciudad,deportivo,aggressive,28695.0,2,False
445d814f-403c-41b6-96ed-e1178e70f0e3,7ce20801-a503-499b-a8d1-2e5ecd15988d,2025-01-19,23,otro,medio-bajo,universidad,norte,estilo,mixto,gasolina,normal,24262.0,3,True
ed82fa5f-05f9-4ec1-9b7c-edb3a3636d8b,5379f4b4-819d-4e91-a261-6b62e41ece32,2025-01-15,36,masculino,medio,secundaria,norte,economia,ciudad,hibrido,normal,28872.0,2,False
9510b23c-c840-414c-a558-93a00d340479,7c569a3a-6543-4949-8688-294a1b6cbb2c,2025-01-20,66,masculino,medio,posgrado,centro,economia,carretera,gasolina,calm,6129.0,3,False
c7def0fa-0a38-4aeb-81c0-952828a3a34c,3746dd26-05f3-4730-99fb-2689262fd2aa,2025-01-29,19,masculino,medio,secundaria,centro,estilo,mixto,deportivo,aggressive,39778.0,1,False
b37f1b99-252c-4cc8-9d69-af60428a1abd,77f414b2-3bbf-4db2-a264-e932dab7bf89,2025-01-23,38,masculino,medio-alto,posgrado,sur,estilo,carretera,electrico,normal,9008.0,4,True
f19322f2-b945-4780-9814-0dbaf67e70c8,53998577-bea6-40a3-bcf3-dcd619b86a8f,2025-01-06,33,masculino,medio-alto,universidad,centro,ecologia,ciudad,hibrido,calm,27403.0,2,False
58d4c35f-8a52-40c9-aa30-ddc66cdcaed3,ec0349b7-fa25-446c-9a45-a53442fd8de1,2025-01-08,33,masculino,medio,secundaria,centro,economia,mixto,hibrido,aggressive,15506.0,3,False
135fecfb-5bc9-45a6-9f7d-42c676decfe3,a67b99c7-d7b8-46e3-a4da-53adc2094bf6,2025-01-26,57,femenino,medio-alto,posgrado,oeste,tecnologia,carretera,gasolina,calm,8294.0,3,False
a4028cd7-b734-4639-9d2e-a4fcb3cc0a50,64318e2c-0952-40dd-af34-3cc6f94a16ca,2025-01-13,34,femenino,medio-bajo,universidad,oeste,economia,ciudad,electrico,aggressive,14994.0,3,True
1071333d-e9c8-481a-a899-ab8c1b81a717,1e15277e-176a-4d45-b284-4ada1a56e522,2025-01-20,33,femenino,medio-alto,posgrado,oeste,tecnologia,ciudad,deportivo,normal,6253.0,4,True
5a0691a6-a17b-42f1-a0a8-6f7812a7e3ef,cef65f81-485d-4042-97b5-93e24c313d8a,2025-01-14,51,femenino,medio,secundaria,centro,ecologia,carretera,gasolina,calm,29834.0,2,False
ee037126-f637-47ab-ad63-6c6ca147ba63,c4fa98e0-0227-4c1f-9568-d661cd101323,2025-01-19,21,femenino,medio-bajo,universidad,norte,estilo,ciudad,hibrido,normal,25799.0,2,False
ec46901e-f8f8-43b5-9ba7-13714e209333,25f28964-70a9-448f-a5e8-be53b5d6256c,2025-01-20,34,masculino,medio-alto,posgrado,este,ecologia,ciudad,electrico,aggressive,27302.0,3,False
233ccad0-6f54-4168-90ac-26a652ed19a6,4aefc571-fb54-48f9-8be4-fce925402a79,2025-01-21,66,femenino,medio,universidad,centro,seguridad,mixto,gasolina,aggressive,17805.0,2,False
01d7d87b-18ac-4717-8c1d-a7620e216c1c,f77ad83f-7982-4517-91c6-3a76ca058da6,2025-01-26,29,masculino,bajo,universidad,oeste,tecnologia,carretera,hibrido,calm,15796.0,4,True
7b026630-f27e-413c-9e22-4bac457dc8ce,38b4fdf8-6018-489b-b32a-71ac60298f90,2025-01-18,34,masculino,medio-bajo,universidad,este,economia,ciudad,hibrido,aggressive,11573.0,3,True
cd99d641-1593-4617-a84c-d73fa646baa0,03c154bc-2f47-4428-9fe3-461a5fac9039,2025-01-14,31,femenino,medio,universidad,centro,ecologia,carretera,gasolina,calm,15002.0,3,True
854fffe8-5946-4d62-8575-f26c7d71988f,8d1bfeb4-6b8f-4aca-b026-3d504c466ad6,2025-01-01,48,femenino,medio-alto,posgrado,centro,estilo,ciudad,electrico,aggressive,32311.0,2,False
a040f365-fed8-480b-887e-0533f9f8a97b,c208d70d-d4bf-4f2e-a3f5-15414343ee04,2025-01-07,52,femenino,medio-alto,universidad,centro,tecnologia,ciudad,gasolina,calm,11445.0,3,True
82c83f3c-8963-4422-9f7c-6f0bc25864e8,117949da-d6a7-4d23-8a1f-6128fc1df980,2025-01-29,51,masculino,medio,posgrado,norte,estilo,mixto,electrico,normal,7893.0,3,False
9ad39092-2cb1-44eb-82ab-f967d8251676,5c8a199b-6693-4bc6-ab62-4d5949ae8195,2025-01-04,27,femenino,medio-alto,posgrado,sur,ecologia,ciudad,electrico,aggressive,16237.0,3,True
32f0939c-1ab6-4c3c-9262-bea3e4a508fc,1eada9aa-ba46-4781-86b4-0a9696cc0975,2025-01-10,27,femenino,medio,universidad,sur,tecnologia,carretera,deportivo,aggressive,24718.0,3,True
0c562dbb-a180-4696-b0e9-f691100ed6b7,e7e5f5f4-1daf-4090-8a00-c6ef3111bee8,2025-01-23,38,masculino,bajo,universidad,centro,tecnologia,carretera,hibrido,aggressive,29360.0,2,False
e6927b7f-fe5c-46d6-af14-5ed8bb22eb82,fd8c717d-01d0-4a95-8d77-f4984d5e6160,2025-01-26,47,femenino,medio-bajo,secundaria,sur,ecologia,ciudad,electrico,normal,6688.0,3,False
88de026f-3153-46cb-8f33-d174cf21dd83,4fc5b728-4dd4-45c0-bbb2-0483181c0369,2025-01-12,23,femenino,medio,secundaria,sur,rendimiento,ciudad,deportivo,aggressive,25493.0,1,False
3ce2302e-d6fd-4f58-8d37-275e78f7781b,c87e3b3d-3492-4271-8723-ccbb570ff652,2025-01-23,51,femenino,medio-alto,universidad,centro,ecologia,carretera,electrico,calm,10209.0,4,True
a25d6146-adfa-42ed-a4d1-3420feeb8c97,e74c8b35-d253-4457-be61-dd02032236da,2025-01-30,26,masculino,medio,posgrado,oeste,rendimiento,mixto,gasolina,aggressive,22381.0,2,False
415cf992-e87d-41a7-a103-a49d402fe122,23ab814d-b7fd-4927-8a23-50e80cd4cb76,2025-01-28,50,masculino,medio-alto,secundaria,norte,seguridad,mixto,gasolina,normal,25714.0,3,False
b9a5af10-c4c2-4778-bde1-22d30517082a,b2f8009e-db70-4a6d-89fa-53410d0a9429,2025-01-17,41,masculino,medio,universidad,sur,estilo,mixto,gasolina,normal,11767.0,3,True
891330da-dffe-4835-848b-2aac9d6e1b4c,4879e8e5-d60a-4f89-b230-42f5754df0fb,2025-01-11,20,masculino,medio-alto,universidad,norte,tecnologia,ciudad,deportivo,aggressive,23325.0,2,False
8289ccb8-1825-4de5-82c9-53a9e2cf2b16,3e4a80ba-7760-42be-a2b8-cc77c29a66d5,2025-01-10,37,masculino,medio-alto,posgrado,norte,seguridad,ciudad,electrico,normal,9403.0,4,True
608b89ed-668c-4c53-b50a-78b08bb08cae,0015e29b-ef38-4599-b4d8-267873de77f8,2025-01-14,28,masculino,medio-bajo,secundaria,norte,tecnologia,ciudad,deportivo,aggressive,10344.0,1,False
3b54a7ce-5f8f-4fe3-8c26-0e262b2075e5,64256cc8-a7ab-4794-942a-2c84e7f39872,2025-01-18,22,femenino,medio,posgrado,norte,estilo,carretera,deportivo,calm,18038.0,3,True
b3d2eca8-0d4b-4748-a204-475db3d1ac1a,71e83dd6-f915-4673-aa10-c621efa32907,2025-01-24,33,femenino,medio,secundaria,oeste,ecologia,carretera,electrico,normal,8201.0,3,False
1f5b1ad6-4f92-4cef-8065-e448e1417fb3,c31b946d-5e3e-4d11-aed2-9219c1c812c0,2025-01-18,43,masculino,medio,universidad,oeste,seguridad,carretera,deportivo,aggressive,17005.0,1,False
1a4bcd7f-dba7-4b35-b1b5-3da9b1ebc711,0fcc01fb-91e5-41a1-a604-092096234fd3,2025-01-23,38,femenino,medio,secundaria,este,rendimiento,carretera,gasolina,calm,23078.0,3,True
90df5bd5-4d6f-4cf1-aa9c-d1f229fcbad9,5161a96e-fbf0-488e-ae3a-ccf61cbeff75,2025-01-01,32,femenino,alto,posgrado,oeste,tecnologia,mixto,electrico,aggressive,17034.0,3,False
7fddb3e3-610e-41b7-aa2b-ea57ce6800ac,9961534f-3daf-41f4-8964-da0c8a0c7d4b,2025-01-26,44,masculino,medio-alto,posgrado,sur,ecologia,carretera,electrico,calm,24666.0,3,False
c5d5f608-31c3-41e7-8ede-ae65ca971097,612c052d-ab43-4826-b1ae-255c9745cc87,2025-01-27,31,masculino,medio-alto,posgrado,oeste,tecnologia,carretera,deportivo,aggressive,30350.0,1,False
3b284cb2-0c14-4e88-911c-774ef1a9bb32,5a74b6be-4def-4037-91ce-f1cd53f505b8,2025-01-27,27,femenino,medio,secundaria,norte,tecnologia,mixto,hibrido,normal,17100.0,2,False
b5622f4f-85bc-481d-b6d2-ebcfbca1d07c,1f9e9587-dfa6-4cf5-b2ee-80afc23562ce,2025-01-12,53,masculino,medio,universidad,norte,ecologia,ciudad,gasolina,normal,22253.0,2,False
26988a6b-836d-493d-9354-88fe8013de68,e39780c4-cec1-4ccd-b640-bdf0cac7d4b5,2025-01-07,37,masculino,medio,universidad,norte,economia,ciudad,electrico,normal,7420.0,4,True
cca1b7b6-77d3-4402-8ff3-bab035209f72,bd3ff11e-9383-4d00-9f4a-4d0ef5df67bd,2025-01-29,67,masculino,medio-alto,posgrado,sur,ecologia,carretera,electrico,calm,5897.0,4,True
a7f004f4-2003-47e4-be0a-c91854852ca4,084f885a-f610-4cad-8485-a7be936f1845,2025-01-22,19,masculino,medio-alto,universidad,este,economia,mixto,hibrido,calm,7795.0,4,True
01595ff2-0df2-4413-83df-bc9201feebc1,79bd4155-bfb0-41cd-bc9c-fdfcd2384b2e,2025-01-03,63,femenino,medio,posgrado,norte,seguridad,ciudad,hibrido,calm,9734.0,4,True
963de855-262d-41ba-9d8a-3b6b34407c8a,953ab698-0e1f-4de8-a7c8-f0e5ee5f820c,2025-01-14,47,femenino,alto,posgrado,este,ecologia,mixto,electrico,normal,18642.0,3,True
96e7dade-cd46-4e89-82eb-a3ba23638de3,81082eaa-ec05-4d25-b078-e8b06f793cd0,2025-01-19,42,masculino,medio,posgrado,oeste,rendimiento,carretera,gasolina,calm,24497.0,2,False
df45a222-b8a0-4ff7-857f-e4eeb13ce025,f1975ca4-c3d3-41f8-ad49-5b97b95e9215,2025-01-28,20,masculino,alto,universidad,norte,rendimiento,carretera,deportivo,aggressive,15054.0,2,False
0223fee0-1b8b-4878-98c8-8e86e78a3ff0,4b6cf45d-90da-40d6-8c66-fa98dfe3b34b,2025-01-11,26,femenino,medio-alto,posgrado,norte,tecnologia,carretera,electrico,aggressive,28214.0,2,False
32267744-a6b4-453b-bcd3-e1d50f374c07,07a550db-e4e2-4e38-b965-8b23559ac47f,2025-01-25,21,masculino,medio-alto,posgrado,centro,rendimiento,mixto,deportivo,normal,15622.0,3,False
d5ca2f1b-7aa0-467a-9de5-a701ffb9ec71,69a47d2c-ea9a-4c80-8d62-3a5228e0f03a,2025-01-15,48,masculino,alto,posgrado,norte,rendimiento,ciudad,gasolina,normal,17705.0,2,False
1704d335-2f36-47d3-9ab3-1d407516d621,b6563e97-ab22-472e-9676-83070e9fb4e5,2025-01-25,44,masculino,medio-alto,universidad,sur,seguridad,carretera,electrico,aggressive,19234.0,3,False
4a97aae6-c09f-4f78-9e5d-979f7477af75,0ed7e23c-08d8-433e-add7-c70228164278,2025-01-12,43,femenino,medio,posgrado,este,seguridad,mixto,hibrido,normal,21563.0,3,False
712575e9-bb92-4e3a-8339-fe50520a1b32,1cc882e6-dcaf-4db3-a652-cbb07de2663b,2025-01-22,49,femenino,medio,posgrado,sur,economia,mixto,electrico,calm,20671.0,2,False
8af374e9-143b-4501-bdc3-ddaa595df59b,948ce454-b978-44d6-b139-84218885a1f1,2025-01-11,19,femenino,bajo,secundaria,este,rendimiento,ciudad,gasolina,aggressive,33139.0,2,False
416e6627-269b-4303-b5fd-4908f06ed6f4,b12332e7-e339-4d48-8528-40e563e2436d,2025-01-07,43,masculino,medio,universidad,norte,economia,carretera,hibrido,calm,17028.0,3,True
0e4443dc-b1a1-45dd-a680-b023619d414f,e421d104-b47d-425b-859b-7c84f927c268,2025-01-04,50,masculino,medio,secundaria,centro,economia,carretera,gasolina,calm,23795.0,4,True
69d66902-d6c0-408f-b13a-6a42f4c6a70f,ad08980f-16b1-4b67-87a1-f460da3a5753,2025-01-14,32,masculino,medio-bajo,universidad,centro,estilo,mixto,gasolina,normal,26679.0,2,False
6dbe2423-6851-46f6-ba0c-e15e261b0403,638e0c94-ee53-41c8-8bff-6f29655d46ac,2025-01-26,68,femenino,medio,universidad,este,economia,ciudad,gasolina,normal,15184.0,3,False
3aa86d3b-29d6-430c-91ff-f78f8ad97ffc,e668e8b4-f602-4835-acf8-41fc115924ff,2025-01-13,27,femenino,alto,posgrado,este,estilo,mixto,electrico,normal,14043.0,4,True
b9d342b6-04ac-4337-840c-ce13ce4910ee,16c40d20-0a6d-4a22-8d88-20c581ecf3f3,2025-01-06,39,masculino,medio-bajo,secundaria,este,economia,ciudad,hibrido,normal,25853.0,2,False
244b6822-290f-4eae-8fc3-862e755cc4df,b814efbe-e464-4e03-a11a-bfe4fc82abc5,2025-01-30,54,femenino,medio-bajo,universidad,centro,tecnologia,mixto,gasolina,calm,29113.0,2,False
6143f95b-8716-4fc9-879c-a162d375fe6b,02af659d-2079-4a7b-b38e-a255a2c5813e,2025-01-07,29,femenino,medio-alto,secundaria,centro,rendimiento,mixto,gasolina,calm,23135.0,2,False
2f42d196-c7ee-4d15-b567-2f0fe145f959,a0ed847a-9b40-4c71-a8d2-ffe0ab6853e7,2025-01-16,42,masculino,medio,posgrado,oeste,tecnologia,carretera,gasolina,calm,15251.0,2,False
5e0a9881-bb42-41db-830e-c0ae5ddfe73f,b9194c58-87de-431d-a7cc-1b564da9b396,2025-01-07,41,otro,medio,universidad,norte,seguridad,mixto,electrico,normal,23864.0,3,False
e8b18ae4-6a87-415c-94cc-ee179e3b171f,a897b132-ff14-4aa5-b378-495ba65c6b95,2025-01-28,38,femenino,alto,universidad,centro,ecologia,ciudad,electrico,normal,8376.0,4,True
c0dd64fe-8c7c-4d29-8694-44561317c99f,31e695b8-c4d4-492a-80bc-50f7ef2cc83c,2025-01-07,48,masculino,bajo,posgrado,norte,economia,carretera,hibrido,calm,27935.0,3,False
d11053be-bf5f-4f93-83fb-f53487cd8a61,d1f52f0b-bc44-4958-86f5-137022230436,2025-01-30,50,femenino,medio-alto,posgrado,centro,rendimiento,mixto,deportivo,aggressive,18435.0,2,False
8deae57a-4591-4dd4-be41-d38a9d767d0b,240f7491-fbc8-4f4b-a69c-91cf3c9cfea9,2025-01-28,52,femenino,medio,universidad,oeste,economia,ciudad,gasolina,normal,19566.0,2,False
f6ed17d6-62cf-4553-bfe9-aeb05b221c8c,ac89f61f-d908-45c7-a410-687d02529acd,2025-01-20,32,femenino,medio,universidad,este,economia,mixto,hibrido,normal,27946.0,3,True
4fce9b44-6fbe-481d-9dd0-7d5460f40f3f,7d72ee4d-114e-463f-9704-131b4550882f,2025-01-24,62,masculino,medio,universidad,centro,ecologia,ciudad,hibrido,calm,29499.0,2,False
53fdb306-eea4-4181-8ed2-f7d78b48aa15,9a7a2d6c-9576-4dc0-a143-139d5e0c2617,2025-01-25,28,femenino,medio,universidad,este,economia,ciudad,hibrido,aggressive,23998.0,2,False
6419105a-f25c-4772-b0ae-422ba5406480,6a0f6532-fb07-45c7-98de-cfe70d2f74f7,2025-01-16,24,masculino,medio-alto,universidad,sur,economia,mixto,electrico,aggressive,32639.0,2,False
639632d1-ce84-4eff-8623-47c1eb01050c,b6489506-9da2-4567-b063-e2eda1435379,2025-01-02,53,masculino,bajo,universidad,centro,ecologia,mixto,hibrido,normal,18290.0,4,True
4ef69959-d457-4a3d-8107-877ab0c5cf12,5dc5414d-7c2f-4e70-89bb-5fb7a19103e2,2025-01-06,31,femenino,medio-alto,universidad,oeste,seguridad,carretera,electrico,aggressive,31708.0,2,False
c96c7a27-aaa2-49be-921d-f233a41deb66,7e2ed3fe-98d0-441c-bd50-2c94b4071e44,2025-01-13,27,masculino,bajo,universidad,norte,ecologia,ciudad,electrico,aggressive,26918.0,2,False
1b70c539-b4ed-4c1f-8b29-f5757ec29973,00e10912-331e-474f-9342-6a509dec350b,2025-01-08,43,femenino,medio-alto,universidad,este,tecnologia,ciudad,electrico,calm,24914.0,3,True
5253fb58-ac77-4ef4-8daf-12170f606319,e118c302-575b-4d76-9b91-754aceede7b0,2025-01-08,34,femenino,bajo,universidad,este,estilo,ciudad,gasolina,normal,27745.0,2,False
6651263f-3d66-43e9-a9b2-f4c2955ae801,a83b4c57-dcc4-42c4-848a-07721d6c5172,2025-01-13,38,femenino,medio,universidad,norte,seguridad,ciudad,hibrido,normal,22065.0,2,False
de23fa44-e81b-4e7e-989a-d846927bd216,07826bf4-1b3a-4378-9986-d5bbb5cec0ba,2025-01-28,24,masculino,medio,universidad,centro,rendimiento,mixto,deportivo,aggressive,23203.0,3,True
c3b2d9d5-d33d-4272-8300-b28019a58078,7cf775a1-f20a-498f-bb4f-7fabf1f2716d,2025-01-14,40,femenino,medio-alto,posgrado,sur,rendimiento,carretera,gasolina,aggressive,19938.0,3,False
e14b2a93-b7b6-4726-a4ad-8e4a42f6b617,72bd7233-2da3-4155-97fd-f867e0abe8c8,2025-01-13,27,masculino,medio-bajo,secundaria,norte,estilo,mixto,gasolina,aggressive,12223.0,2,False
38a9589a-08e0-4369-9b71-8b1b32dc1b70,febbd430-3c7c-473e-bf99-2413cb18c8c6,2025-01-07,31,femenino,medio,posgrado,oeste,estilo,ciudad,hibrido,normal,23902.0,3,False
852e6fa9-bb11-47ba-817d-7d01559f2954,a0e9271e-0868-47ee-965a-dbd24cd5c506,2025-01-21,32,femenino,alto,posgrado,centro,ecologia,carretera,gasolina,aggressive,32572.0,2,False
593c0cd7-ca85-4908-af1b-01fa0e903112,8e4abad5-f437-48ff-b90c-011b8f5b3132,2025-01-16,33,masculino,alto,posgrado,norte,ecologia,mixto,hibrido,normal,13021.0,3,True
3e778a87-5322-4287-98f6-0042cf419879,9e70d675-56aa-4716-9cb2-63ccb0fde3f4,2025-01-30,32,masculino,medio,universidad,este,economia,ciudad,hibrido,normal,10697.0,3,False
da8e8781-8b15-4cde-b51d-4379c2bb0742,14a2770c-629e-44f9-9b22-e0a892a96503,2025-01-14,28,femenino,medio-bajo,universidad,centro,economia,ciudad,gasolina,calm,31464.0,2,False
1bd9d778-6216-4217-94b3-6aea8b2b2a2e,fc091814-5c37-427d-ba25-68062a227634,2025-01-06,29,femenino,medio-alto,posgrado,norte,economia,ciudad,hibrido,normal,10501.0,3,True
803d892f-5f75-4c59-a1fb-7e81a93dab87,ebf1990e-0f6b-45ea-90a7-19406a154bc7,2025-01-14,64,femenino,medio,secundaria,centro,seguridad,carretera,gasolina,calm,13805.0,3,True
bbff1893-d528-4b65-a426-f4fdd06e0660,b89dcf2e-bfc2-48ea-ba12-255acb7f480a,2025-01-03,41,femenino,medio-alto,universidad,este,rendimiento,carretera,deportivo,normal,6064.0,3,False
1cd1f7a2-732f-4ff1-8c51-cbabc9b225ac,e2598863-1b33-42c8-9039-c7e6faba227a,2025-01-28,47,femenino,medio,posgrado,norte,ecologia,ciudad,hibrido,aggressive,6096.0,3,True
4b447ddd-1885-4881-a11c-cda95a132520,01f78a94-c803-4650-9a66-519ead2a0243,2025-01-06,43,femenino,medio-alto,posgrado,norte,estilo,carretera,gasolina,calm,23494.0,2,False
30e962d2-a141-42e8-af75-3a27f358e665,4f1ea05a-6c78-4344-ba09-e35b80194960,2025-01-23,43,femenino,medio,posgrado,sur,ecologia,mixto,electrico,calm,10489.0,3,False
70ce2a05-e2c3-44ef-aa8f-482cc24ed568,cab7ea94-4c47-4a81-b120-59229c8ad76b,2025-01-21,51,femenino,medio,secundaria,centro,seguridad,mixto,gasolina,normal,29683.0,2,False
0ae83238-4377-43ac-a89f-b976d67af3d3,368b9066-0b11-4daf-8e3a-e7fef878cc54,2025-01-29,32,masculino,medio,universidad,oeste,estilo,ciudad,electrico,aggressive,20702.0,2,False
7226ce83-1a58-4e79-a025-c9ed2563d7b5,f4675b25-8e72-426f-b3c8-e87bbdafc133,2025-01-17,37,femenino,medio,universidad,norte,economia,ciudad,hibrido,calm,12165.0,3,False
35fc67c8-e059-4cec-b9a5-16d979b1694d,e4ede60e-49c9-473f-9180-9bcd9ca0d59d,2025-01-25,30,masculino,medio,universidad,este,rendimiento,carretera,gasolina,calm,13449.0,3,False
0bcbc6ca-ef7b-43a6-a204-6bc99f26bbbc,6510d93b-7194-4d26-872c-b081bf8fcf2b,2025-01-08,37,masculino,medio,universidad,sur,rendimiento,carretera,gasolina,aggressive,32844.0,2,False
cfa3d639-4c0c-4597-b933-a3b63dc0a952,51c32457-0586-41d1-adcd-a905acfa30ac,2025-01-30,32,femenino,medio,universidad,norte,ecologia,mixto,electrico,normal,18675.0,3,False
b30653c8-9281-40f5-bb1b-b64842bd0f3c,9df75ef3-1304-4fa4-b3fe-a42df782bee9,2025-01-02,36,masculino,medio,universidad,oeste,ecologia,carretera,electrico,calm,28635.0,2,False
3167bffc-5eeb-4e75-96f5-4857bb3e43ac,23f241f2-5319-414f-8ebd-fbea682af8a3,2025-01-12,26,femenino,medio,posgrado,oeste,ecologia,ciudad,electrico,aggressive,22365.0,2,False
d616df4e-4fea-48ea-8c84-942403b3cafd,57a05271-d755-4a4f-b9f8-2b75a6830439,2025-01-13,44,masculino,medio,secundaria,oeste,economia,carretera,electrico,normal,9533.0,3,False
56970793-d2b7-4460-b086-ac5f47ce7ace,7b7d83fa-32f6-4824-a2ef-25ce56edc942,2025-01-04,49,masculino,medio,universidad,sur,ecologia,carretera,electrico,aggressive,15601.0,3,False
aca6df4c-bc2e-4be9-93a3-98c852c21fb2,e54ec876-09da-41b1-8e32-09fcee471354,2025-01-25,49,femenino,alto,posgrado,norte,estilo,mixto,hibrido,aggressive,15569.0,2,False
e73939ec-eebe-4bce-a1f9-9e12234c9600,df569e6b-58d0-4361-aeaf-72b1840b5e78,2025-01-09,30,femenino,bajo,secundaria,centro,estilo,ciudad,electrico,calm,13207.0,3,False
ea39a841-d99f-4434-9e18-4475e14a2021,913bfc99-481a-4088-910b-d21527295dcc,2025-01-24,29,masculino,medio,universidad,centro,economia,ciudad,electrico,aggressive,41083.0,1,False
e5c3b815-1aad-4a80-84c6-973316fdfe05,0b6e60ec-c2bb-4cbd-8f32-8e6384b29dcc,2025-01-03,30,femenino,medio-alto,posgrado,sur,estilo,mixto,gasolina,aggressive,34721.0,2,False
fd36c4bb-c27e-4c8a-b9a5-18eb337d1734,a13bc4f2-6ac4-4a87-b4d7-e335fa8e86bd,2025-01-30,62,masculino,medio-alto,universidad,este,economia,mixto,hibrido,normal,26422.0,2,False
9c97fcc2-6cf8-4639-b560-beccf14008e2,f7510df0-4453-4b1a-8264-d7924302b028,2025-01-16,20,masculino,medio-bajo,universidad,este,rendimiento,ciudad,deportivo,normal,32812.0,2,False
063b31f1-339a-4764-a00b-f3343e7410cb,5b5c3c5f-e08c-42b8-8ae8-307390823c18,2025-01-18,30,femenino,medio-bajo,universidad,centro,rendimiento,carretera,gasolina,aggressive,15757.0,3,True
f26290a6-ea05-4f6f-aac2-af95fa0b1f7b,53bfdf1d-f67c-4330-b681-4f3b902c4e42,2025-01-02,23,femenino,bajo,universidad,centro,estilo,carretera,gasolina,aggressive,10874.0,3,True
515bcfe9-c4a8-4399-abc9-ab31bc098ff1,1b504e94-1dc4-4dc4-8892-b4a58b1f104b,2025-01-15,46,femenino,medio,universidad,norte,tecnologia,ciudad,hibrido,aggressive,11097.0,3,True
a59bd017-88b7-446f-af9f-485548245b24,cb641115-f777-4d27-a2e3-83ec68d0720b,2025-01-29,29,masculino,alto,posgrado,este,seguridad,mixto,gasolina,aggressive,9928.0,4,True
816fb25a-c629-4b19-af7b-d1d744f4e039,4ae97949-2201-4ee6-be05-024fda0cb00d,2025-01-18,28,masculino,medio-bajo,universidad,centro,rendimiento,mixto,gasolina,aggressive,9217.0,3,False
4c22f9f4-adbe-4e2f-a1d0-fe0c809b43c0,19c9fb73-8600-4409-8f2e-dce993327a20,2025-01-12,22,femenino,medio,secundaria,sur,estilo,ciudad,gasolina,normal,22115.0,3,False
e3d107bb-9816-42c9-bef0-76fe9bbf1ca5,0db635b7-acb1-4da2-afc3-9d541ac697e8,2025-01-09,27,masculino,medio,posgrado,norte,rendimiento,ciudad,hibrido,aggressive,19971.0,2,False
2a7071be-cf67-41be-9bb6-6a7802849ef4,47f5f4e6-11fc-4fe1-8bec-9166782ce185,2025-01-23,63,femenino,medio-bajo,secundaria,este,seguridad,carretera,deportivo,normal,7320.0,2,False
f6b80d8f-85ea-4853-9a85-0dabc68269ce,3cdac2f1-07a7-4f8e-ae74-3a27dc4058fe,2025-01-23,36,femenino,medio,secundaria,este,seguridad,mixto,hibrido,aggressive,6797.0,3,True
b1ed5875-f2c0-4bd2-a380-842cb8f87e1f,e2e6dce4-ac9f-4641-b4ee-7b9e0a318947,2025-01-30,31,masculino,medio,secundaria,norte,tecnologia,ciudad,electrico,aggressive,27721.0,1,False
8460225a-cb16-400d-a55d-6ebe1ab0c378,74719f0e-eb6e-4d4a-b279-9aa942b737c9,2025-01-07,51,masculino,medio,universidad,este,economia,mixto,electrico,calm,23237.0,2,False
32f0d4eb-ecb3-40b3-ba5c-812d79652260,1512093f-b4e4-4953-a666-12ba133b5d2c,2025-01-06,40,masculino,medio,universidad,norte,seguridad,carretera,gasolina,aggressive,34357.0,1,False
1a79b4ba-ceef-4aae-8e4f-2e928bf40d6b,922bc3e6-c6cb-495a-8de6-8ce5dd67238d,2025-01-10,27,masculino,medio,secundaria,centro,seguridad,mixto,electrico,calm,18098.0,3,True
45af93f3-3c5d-433c-8360-da76d598741d,60472da2-c810-468e-bf61-6c7e28155878,2025-01-12,27,femenino,medio,posgrado,oeste,tecnologia,ciudad,deportivo,normal,18852.0,3,True
6e1c04ed-a37a-449e-87cd-d514477783d7,bc9fba15-b3a4-4944-a533-99cbd0825283,2025-01-27,20,masculino,medio,secundaria,norte,rendimiento,mixto,gasolina,aggressive,35726.0,1,False
0d199bbe-b61f-4a11-855b-04fb3dc3ffb8,d3dd5ed5-4814-4bb2-9303-1c94cff38aa2,2025-01-02,46,masculino,medio-alto,posgrado,oeste,tecnologia,mixto,gasolina,normal,29727.0,2,False
b5e336d2-0960-4121-bcf2-1f7fd0727401,d08542cf-1c81-46d2-bd62-d48018174693,2025-01-26,36,femenino,medio-alto,universidad,oeste,seguridad,carretera,gasolina,normal,16556.0,3,False
841a50c2-f271-46a8-978d-f0877b5abe5b,39e7437e-8eff-4215-8b6e-0012730e13bc,2025-01-23,20,femenino,medio,secundaria,centro,rendimiento,carretera,deportivo,normal,10518.0,3,True
00588c6c-cae5-4f6b-88cb-3264af72bc37,04e616f0-1bac-4741-acab-670c5a38bd0f,2025-01-16,20,masculino,medio,secundaria,este,estilo,ciudad,electrico,aggressive,41098.0,1,False
c6ea1ab3-fdc0-4518-832b-5cb3115144ad,e9934ff9-5606-4162-bffc-dee2a557a3cb,2025-01-28,37,femenino,medio-alto,universidad,sur,ecologia,mixto,hibrido,calm,18897.0,3,True
cf12f51e-5071-4c43-b5ca-46a65031e20d,340a5b96-dda0-426e-948c-7fb8bb7520a5,2025-01-23,62,femenino,medio-alto,universidad,sur,rendimiento,ciudad,gasolina,calm,28287.0,2,False
f7956372-3064-41db-967a-91684aa4e5e4,55bbc0b2-82c8-42ba-8279-4d8c095eafa4,2025-01-10,23,femenino,medio,universidad,sur,economia,carretera,hibrido,aggressive,35473.0,2,False
7fd511de-e7ce-4cd0-b0a8-55714f970633,6b84fa61-93a3-4953-97bf-f080acbd1852,2025-01-02,37,femenino,medio-alto,universidad,oeste,tecnologia,mixto,deportivo,normal,10060.0,3,True
d66cde2b-3e60-481d-8d90-8fbdb53d7989,27dd5bc0-881f-4f74-afa2-1c7ebb4e0be3,2025-01-04,26,femenino,medio,universidad,este,tecnologia,mixto,hibrido,aggressive,28454.0,2,False
c6a4030c-66bb-49ed-83d3-91dbd9ee7ada,e5511ce3-0dc3-47c7-b8c0-ea51661328c3,2025-01-22,33,femenino,medio-alto,posgrado,sur,rendimiento,carretera,gasolina,normal,25686.0,3,False
b1bdefad-0c9c-40d7-95f7-8da80f76a8f8,44be7791-6422-40ac-b9f6-e17af417e649,2025-01-08,50,femenino,medio-alto,posgrado,oeste,tecnologia,ciudad,electrico,calm,14335.0,4,True
3963878c-55f3-41e1-9732-00376f1bd7bc,92cf7a54-4fb0-4378-9c1a-50a66108de20,2025-01-29,19,femenino,medio-bajo,secundaria,centro,estilo,mixto,gasolina,aggressive,39989.0,1,False
928189a2-f0da-447b-ae23-d3d2319456fe,ed06885a-c284-4698-9362-f8306d437f57,2025-01-09,68,femenino,medio-alto,posgrado,este,seguridad,mixto,gasolina,calm,22075.0,3,False
637bf6fd-12bf-4c3d-b894-1e387abc25cd,aed8390a-1bae-460b-86ad-c2190606f5ed,2025-01-28,65,femenino,medio-alto,universidad,oeste,tecnologia,carretera,electrico,calm,10818.0,3,False
13e5094e-bb5e-4ba6-b0d9-8ba1db70d36a,1d2cfcc7-9be6-465f-9836-8e5b166b2754,2025-01-19,30,masculino,medio,posgrado,centro,rendimiento,carretera,deportivo,normal,33403.0,2,False
5c9a970b-e701-4f1d-a467-157977473218,efce59f8-f6f0-4451-926a-b2391dce60f5,2025-01-16,41,femenino,bajo,universidad,este,ecologia,carretera,hibrido,normal,5310.0,3,False
550c58e3-0d9a-4829-a89b-5182eaf122c1,ac60a6e3-92d5-4adc-bc00-a58181d03bf0,2025-01-29,29,femenino,medio,universidad,este,ecologia,ciudad,electrico,normal,22299.0,3,False
e151d2ce-ab45-48d8-b382-ec63615b2e89,fd4a4dc2-39fd-40ee-8ad3-929fc1ed616b,2025-01-22,44,masculino,medio,universidad,norte,economia,carretera,hibrido,normal,17914.0,3,False
3d993dcb-3c37-4f5b-a046-7ca305fe093b,642bc3c9-176a-4f79-a4b7-90e3998ef3ec,2025-01-04,36,otro,bajo,posgrado,oeste,seguridad,mixto,hibrido,normal,20498.0,2,False
b5a1ae6a-5bac-4a4f-8cdb-dda33350247a,cd39adbe-01db-4c9c-aff8-dbe22040e526,2025-01-26,61,femenino,medio-bajo,universidad,norte,economia,ciudad,gasolina,calm,9150.0,4,True
00339e62-b720-43db-9c67-c19d6306983d,63099a6d-9efc-40a9-a945-b4db8c5aa419,2025-01-21,66,femenino,medio-bajo,universidad,oeste,economia,mixto,electrico,calm,28563.0,3,False
9b538f2f-73b9-4b99-8024-a4eb0c2a95a3,f09261ec-1d14-4207-a9da-7058d0010c3c,2025-01-03,50,masculino,medio-alto,posgrado,norte,seguridad,carretera,gasolina,aggressive,29304.0,1,False
bc7aeaef-5086-4492-8a3c-579f4e41e8ef,a6d4a5d5-f592-49a7-8b29-fb429fa60273,2025-01-13,38,masculino,medio-alto,posgrado,norte,ecologia,mixto,hibrido,aggressive,12315.0,3,True
5ce646bb-f5cb-4c8a-8dc7-8613d7895132,82f7ac6d-f251-4f6f-bbb5-ec7fd81c99b8,2025-01-08,26,masculino,bajo,secundaria,centro,seguridad,mixto,hibrido,normal,18858.0,2,False
4bca9ab8-2e98-48c9-8591-b7d3cea21cbf,6c8b4584-58ae-46e1-8e9e-9bd554deb784,2025-01-26,33,femenino,medio-alto,posgrado,norte,tecnologia,mixto,electrico,aggressive,26721.0,3,True
00cacbb5-461a-4001-b5e8-0334a9ace22c,d8fad381-7fcb-4af2-94b8-03e776182fab,2025-01-28,28,femenino,medio-bajo,universidad,oeste,estilo,ciudad,gasolina,calm,12773.0,4,True
d111c1e3-1b35-48f0-ae71-3bdeb72d42d6,961c69e1-9d9d-449f-81cc-beeed61eb0c2,2025-01-15,29,femenino,medio-alto,universidad,sur,estilo,ciudad,gasolina,normal,24428.0,2,False
e791a696-5f0b-493b-b0ba-f3ca009a847f,fc94c1b1-aefc-47b1-809b-d438929f3727,2025-01-24,38,masculino,medio-alto,universidad,sur,estilo,ciudad,hibrido,aggressive,10163.0,2,False
a56ef519-729e-4e5f-a0a7-18ae52b31228,bf936f6b-e3e3-4c73-aeb3-7b8d07c21ff0,2025-01-12,32,femenino,medio-bajo,secundaria,oeste,seguridad,mixto,gasolina,aggressive,34125.0,2,False
555b26a3-e9dd-4dda-9d51-4be18a81df01,131a0002-5f18-4abc-9b24-4a7e4a17499c,2025-01-25,53,femenino,medio,universidad,este,estilo,mixto,gasolina,aggressive,12361.0,2,False
49511276-19c1-47a6-9b54-11914a445501,2f92249f-306e-405e-89ab-f3856cf12d90,2025-01-25,34,masculino,medio-bajo,universidad,oeste,ecologia,ciudad,gasolina,aggressive,6099.0,2,False
06070da4-4caf-4799-8b2b-655b92acdd2d,9628b7cb-e384-43af-97c9-c41c1dd82a00,2025-01-17,32,masculino,medio-alto,posgrado,sur,ecologia,ciudad,electrico,aggressive,5828.0,3,False
a6ae2ca2-fec8-4ba6-9f81-453ae2e5ef05,1bc5aa5a-671f-41d3-8384-045680b7e23f,2025-01-24,38,masculino,medio,universidad,sur,tecnologia,carretera,electrico,aggressive,10781.0,2,False
eb397cd6-704c-44ff-b91b-5f067fe0164b,78b771da-5cab-4237-8359-b8fcb1eec017,2025-01-16,32,femenino,bajo,posgrado,norte,economia,mixto,hibrido,calm,27052.0,2,False
16cf7953-a163-479e-b92e-3517cd7553f4,be62b938-fdd1-437f-b096-753250b8c21d,2025-01-26,42,femenino,medio-alto,posgrado,norte,ecologia,ciudad,electrico,calm,28620.0,3,True
3412a170-8039-4e5e-b37f-ca656dad68ac,a3898b6d-00b0-4ab0-a4b1-73fb55b5ca0a,2025-01-03,28,femenino,bajo,secundaria,este,estilo,ciudad,hibrido,normal,13792.0,3,False
c1988565-d5b0-4f84-8fd2-ca20ce9b406d,e951c99c-8f5a-4341-b145-d5ee60b6aeed,2025-01-30,31,masculino,medio-alto,posgrado,centro,estilo,carretera,deportivo,normal,25897.0,2,False
1c0434fe-dc8a-4c28-b22b-99d01faa4d0f,13c435f0-6b14-4379-b164-de05ec01c99f,2025-01-20,46,femenino,medio,secundaria,sur,tecnologia,mixto,deportivo,normal,6533.0,3,False
893699ca-2f75-4cea-bcad-599d9c8e90b1,f5cd1699-6b83-45ea-bc4c-6d380d994867,2025-01-18,48,masculino,medio-bajo,secundaria,este,economia,mixto,hibrido,calm,5707.0,3,False
52b054c2-bb26-48cb-8f66-54a377586d78,a4d2566d-e3ba-4a4e-8ab4-eef9aca17237,2025-01-26,66,femenino,medio-bajo,universidad,centro,ecologia,mixto,hibrido,normal,10500.0,3,False
5e2daea2-5780-45c0-acc3-0745d4b2a4f4,9193f003-a6a9-4939-bf2f-22f3c62476d7,2025-01-14,40,femenino,medio-alto,universidad,sur,estilo,carretera,electrico,normal,6142.0,4,True
9218583e-758a-4e21-b738-a9e6b7a1d1b8,2a289dca-c055-44b2-a8d9-67f444a2d6d9,2025-01-17,32,femenino,medio-bajo,universidad,centro,economia,mixto,gasolina,normal,15783.0,2,False
f444e1fa-a47b-4010-ba3f-3b57d85681c6,e8f6d6f9-b283-4c2d-829f-c8367c88bba7,2025-01-04,66,femenino,medio,universidad,oeste,tecnologia,carretera,gasolina,normal,12943.0,3,False
4e1b44d7-2dea-45fb-be9d-c3ddead57c26,e2a189b0-a75e-4475-8cb6-5712b76c11e1,2025-01-17,38,masculino,medio,universidad,oeste,seguridad,ciudad,electrico,calm,10420.0,3,True
b53a9649-315a-411d-a2f4-274193c70df7,44f980ed-ae25-417c-958d-8fa434d3f89d,2025-01-05,26,masculino,medio,secundaria,norte,rendimiento,carretera,gasolina,calm,34241.0,2,False
20182b25-20c9-4ec4-8b59-731b69dba81e,0cd51163-5ab6-4b4e-81f5-6d2d3eedf45a,2025-01-13,63,femenino,alto,posgrado,este,rendimiento,mixto,electrico,normal,15502.0,3,False
d9314671-ebc4-4794-8652-409a8c2a971b,bb39bdcb-ace6-456c-979d-bd60e44ed673,2025-01-14,34,femenino,alto,posgrado,norte,rendimiento,mixto,deportivo,aggressive,10039.0,2,False
fd6985cd-ec89-4f86-9ef9-f7a5f0418787,85000a40-9e52-4742-a838-9cd212b813b6,2025-01-08,33,femenino,bajo,universidad,centro,tecnologia,mixto,electrico,calm,21854.0,2,False
a8fcfc04-a992-4cc9-aaf3-6dc63227cc53,e88b5fee-3ab1-47be-a010-27d3d4177eec,2025-01-03,42,masculino,medio-alto,universidad,este,tecnologia,ciudad,gasolina,aggressive,24921.0,1,False
ae23cbee-9747-4419-94f7-c7c181d2b655,ba370f5c-4616-4580-9e70-476acead3d85,2025-01-28,31,otro,medio-bajo,posgrado,norte,estilo,ciudad,gasolina,normal,13110.0,3,True
8b58ad24-17b6-409b-a109-8929f9238ef4,39591308-9c6d-479a-b413-4b32cfbe7706,2025-01-30,47,masculino,alto,posgrado,este,tecnologia,ciudad,electrico,calm,11199.0,4,True
740312a3-dd35-4b73-a10c-6d666a172914,281d842b-1295-4739-8714-b42403069f42,2025-01-08,23,masculino,medio,secundaria,sur,rendimiento,ciudad,deportivo,normal,20074.0,2,False
42d1548d-8749-46ca-b4ca-6c2b612b8aa7,8714e394-f9e2-451e-aad8-151ffa17e226,2025-01-02,44,femenino,medio-alto,posgrado,norte,estilo,mixto,deportivo,aggressive,13749.0,3,False
e918140b-e009-49e3-bf9a-ee99e01debf9,fbcd9b8e-012d-4c9a-8646-d31d2179693f,2025-01-04,24,masculino,medio,universidad,sur,estilo,mixto,gasolina,normal,22890.0,2,False
163a9d41-9676-47ac-8294-e57e5978c1da,dfa2d34f-cdd9-47b5-ba3f-3924c7c6e025,2025-01-03,58,masculino,alto,universidad,centro,tecnologia,ciudad,hibrido,calm,24360.0,2,False
34fb3d62-9da3-4b5f-bcdc-3c2587654377,a73a697f-ea69-45df-9961-0c0ff2c2374f,2025-01-11,48,femenino,medio-alto,universidad,centro,estilo,ciudad,hibrido,aggressive,8382.0,3,False
fee20b3c-a0f1-4d5c-9a89-d8d8ed4d2535,35022cec-dd96-422e-b691-c8dbce40a045,2025-01-08,42,femenino,medio,secundaria,centro,economia,ciudad,hibrido,normal,14450.0,3,False
39c21c53-c317-4ed7-b776-df4d640ccdfe,b5b14eb9-9ae5-4460-b532-d6db05dcf5b2,2025-01-07,57,femenino,bajo,universidad,este,economia,carretera,gasolina,aggressive,27736.0,2,False
2104989b-f7c2-4185-9734-da483f1099ef,60a5b64d-f5eb-4e71-a780-978e418dca83,2025-01-19,44,femenino,alto,universidad,sur,seguridad,mixto,electrico,normal,24571.0,2,False
b50ab4d1-e20c-498a-910c-4cea5baa7d35,27959e0b-7912-4d4d-a289-11559928ffa3,2025-01-05,33,masculino,medio,secundaria,centro,seguridad,ciudad,hibrido,normal,16151.0,2,False
059a089c-0706-4663-90a8-4fc40b077e28,b42ae941-d76e-4bb0-8757-cd4f5c741c51,2025-01-09,32,masculino,alto,posgrado,este,ecologia,mixto,hibrido,aggressive,15453.0,1,False
da48c381-1f1e-4ee7-a832-e1eeaccccbe2,74a5adfe-a9a4-42c7-b3fa-da34b0648b51,2025-01-06,28,femenino,medio,posgrado,norte,estilo,ciudad,electrico,normal,22404.0,3,True
fc26e3ef-65ee-4792-aaf5-9645eff7f052,38a40fb6-46fb-470c-a520-ad0bfe06d574,2025-01-23,67,masculino,bajo,posgrado,este,economia,carretera,gasolina,calm,28830.0,2,False
4a31abef-a8bd-423e-b018-7ceacce50a30,fb11a3e9-dd13-4188-ab35-95f673cec3a6,2025-01-15,36,masculino,medio,universidad,este,economia,mixto,electrico,normal,22779.0,2,False
b273c9e5-d68f-4a18-9c69-008036023311,44f3dc2f-2710-41b6-b70c-b701d73c753b,2025-01-17,31,femenino,medio-bajo,secundaria,centro,economia,ciudad,gasolina,normal,16354.0,3,False
4f8da23a-7e9f-4a10-8ade-edc9ea831499,ff82e479-308c-4461-b3c4-0cce00ae0139,2025-01-02,42,masculino,alto,posgrado,oeste,rendimiento,ciudad,deportivo,aggressive,29988.0,2,False
d408123c-21a8-4e94-ae45-3b2b51407b43,0d67aa24-b1de-4071-8fa3-0effcd9d614d,2025-01-01,29,masculino,alto,universidad,centro,economia,mixto,gasolina,aggressive,31454.0,2,False
546290b1-0391-490e-a321-ebfd9d85dde9,90a2ccea-793b-4181-8935-dab84f95f175,2025-01-29,38,masculino,medio-bajo,posgrado,centro,rendimiento,ciudad,gasolina,aggressive,14723.0,2,False
ca16b3e1-8ff9-49be-b4ae-1b133b1e8781,bacfac59-a678-4bb1-b72f-2651af9fdbb3,2025-01-30,47,femenino,medio-alto,posgrado,sur,rendimiento,ciudad,electrico,normal,29665.0,2,False
824c5298-e307-4a86-b8bf-55c38d293766,5d4b430f-cc55-4b1c-a9c7-8c19dca7562a,2025-01-30,39,femenino,medio,secundaria,norte,economia,carretera,hibrido,normal,17288.0,2,False
50ce73c0-dd18-4c48-b302-c6b73e47927f,2e141715-81e2-4cd7-9d3c-28ef45aacff8,2025-01-17,46,femenino,medio-bajo,universidad,centro,economia,ciudad,electrico,normal,22498.0,3,False
2223f70f-643a-4304-a9ed-459752bb07d9,21eee060-1fbc-4a00-a471-5ce8d882f9fa,2025-01-19,31,femenino,alto,universidad,oeste,ecologia,carretera,hibrido,normal,5090.0,3,False
6dc0e540-0a22-4ec8-853d-ce798f3d2659,0cddad3c-114a-415b-95f9-e7ee9e347627,2025-01-25,49,femenino,medio-alto,universidad,sur,rendimiento,mixto,gasolina,calm,12015.0,3,True
98634676-3e66-4ea0-8bc2-bf9e5cee97c5,adba8da3-291b-4b67-88d6-0691242e8d24,2025-01-01,37,femenino,medio-alto,universidad,norte,rendimiento,carretera,gasolina,normal,7803.0,3,False
b9b11029-3bd1-48d7-a3d8-ba67b6918055,c0b34f2e-ca44-4850-85d8-9297c51c5d97,2025-01-11,57,masculino,medio,universidad,centro,rendimiento,mixto,hibrido,aggressive,14373.0,2,False
a29e87e3-9ed7-4c45-b732-21539209b3b3,47f994d5-0a72-4a49-81e6-f5e1736aff96,2025-01-06,51,masculino,alto,universidad,oeste,tecnologia,ciudad,electrico,calm,25100.0,3,True
dda37470-0a57-4c78-995f-3c6a5b9ab7ba,b247966f-8de7-46ea-82ce-98c40b879233,2025-01-29,18,femenino,bajo,secundaria,oeste,seguridad,ciudad,gasolina,normal,28902.0,1,False
c7e65962-a52f-4d54-8b11-587e379c11a2,0ea127d7-b7b3-4851-b41e-1279032633bf,2025-01-02,37,femenino,medio-alto,secundaria,este,ecologia,carretera,electrico,normal,7631.0,4,True
5bb0df58-bebd-47a1-ad73-555a8bf5f9d2,f1f3fb3b-b021-4b2e-85f5-562a67a6b37b,2025-01-15,19,masculino,medio,universidad,sur,tecnologia,ciudad,electrico,normal,16582.0,2,False
0537514e-0d2b-4400-872b-03917d0d1fd1,cad1f6a8-ebbf-4ce4-af1d-c7c3a5e6a0a7,2025-01-15,36,femenino,medio,secundaria,oeste,seguridad,ciudad,hibrido,normal,11398.0,3,False
e3d20cf8-9545-4a52-b222-25a2519dd1c7,891529c5-85d7-4c4c-b584-d094f8306b3f,2025-01-10,22,femenino,medio-alto,universidad,este,tecnologia,carretera,gasolina,calm,28124.0,3,False
f918a841-e365-4dfe-8173-8fd56815c995,7da70865-f4d3-4bfd-b976-de3399de9558,2025-01-03,33,femenino,medio,secundaria,este,estilo,carretera,deportivo,normal,10576.0,3,False
717d21ec-8ecf-4e1d-a254-b6a0e787447d,38432c68-76ce-4391-8cd4-d1d4fee5011e,2025-01-16,28,masculino,medio,secundaria,este,estilo,ciudad,gasolina,normal,30653.0,2,False
7790717f-023e-4787-b8f4-21e227899308,c476643f-f187-4330-a38d-a52c67c242fc,2025-01-29,43,femenino,medio-alto,universidad,este,tecnologia,ciudad,electrico,calm,13224.0,3,True
eb584d2a-9074-4a51-84e0-e1cc0bdec97c,d07d08c0-88cd-4b9b-abc7-6f9925bfd7dd,2025-01-05,40,femenino,medio,universidad,centro,rendimiento,carretera,deportivo,normal,13258.0,2,False
85532ad6-203b-49e6-abf6-8dfaf235888d,1388d1d9-fdf3-4c8f-bfc7-79224b57ec3c,2025-01-05,26,masculino,medio-alto,posgrado,oeste,rendimiento,carretera,gasolina,calm,33462.0,3,False
59779873-d9ac-40c0-be40-259f057c57ad,118b77dc-13d8-4d92-bb6b-539f6607a947,2025-01-30,68,femenino,medio,universidad,centro,tecnologia,carretera,deportivo,normal,11713.0,3,False
cf405c6d-2092-47f7-b9d6-1b4b35cffe6b,23cce2a5-63db-4027-90b4-c60c42c64e84,2025-01-13,53,masculino,medio-bajo,posgrado,oeste,tecnologia,carretera,gasolina,normal,18086.0,3,True
e1a30323-c653-4a04-ae7b-85c15f322ebb,93a99c41-f795-4a7b-8889-22be372b545b,2025-01-24,30,femenino,medio-bajo,universidad,norte,tecnologia,ciudad,gasolina,calm,14985.0,3,False
342eb5f6-d603-4ad1-b202-af78463eb13d,72033316-a4a0-4ea5-b3a8-189a18863a56,2025-01-06,48,masculino,medio-alto,posgrado,oeste,tecnologia,ciudad,electrico,calm,26962.0,3,True
bfe61818-1496-4edf-b11d-63e276163770,afbf3ba0-7da4-4e0b-9785-6f47425d54eb,2025-01-02,63,masculino,medio-bajo,secundaria,norte,seguridad,ciudad,gasolina,calm,19906.0,3,False
e4e4610a-a5dc-4935-8660-7cb6fde1e87a,bd65c7fa-1308-4ff7-bbad-caa845ae5304,2025-01-09,47,femenino,medio-alto,posgrado,centro,seguridad,mixto,hibrido,normal,5025.0,3,True
923dd3d1-4ee0-4cc9-a499-9151db0e1ff5,82f147bb-845c-45a0-8bb1-1f22d3218b7f,2025-01-10,69,masculino,medio-alto,posgrado,centro,tecnologia,mixto,electrico,calm,23783.0,3,False
a5f1058d-4b19-4df0-875d-47cf8566793c,a682c5eb-6895-4c53-8e30-bc18c6e76868,2025-01-09,67,masculino,medio-alto,posgrado,sur,tecnologia,carretera,gasolina,normal,27726.0,2,False
68bc96b5-6327-4e23-aca1-16fd10517d08,70bcd79f-ae4d-46ee-abdc-6c1dbeebf2ab,2025-01-19,49,femenino,medio-alto,posgrado,sur,estilo,mixto,hibrido,normal,10216.0,3,False
36549e91-b7cd-4f7d-9a9f-e1a9984ff424,955d2bd9-ec16-4c27-944c-c2f538b5f2c4,2025-01-13,48,femenino,medio,universidad,este,ecologia,carretera,gasolina,calm,21122.0,3,False
f121c515-f528-424f-ad1f-69e01c1f2116,7cd75475-c206-4112-b577-cf8f37bc274e,2025-01-17,43,masculino,alto,universidad,norte,estilo,mixto,deportivo,aggressive,27467.0,1,False
fa00e408-44d6-4486-8718-ff8e58136d8d,e123bd03-3a50-429c-91aa-3a3d971ba1eb,2025-01-30,50,femenino,medio-bajo,universidad,sur,rendimiento,carretera,gasolina,calm,8838.0,3,False
d5945ca9-702d-40e6-8a55-14946b1a9ec9,5aa82e7e-fe12-4c25-a834-7d45e1e2c0a7,2025-01-27,36,masculino,medio-alto,posgrado,sur,ecologia,ciudad,electrico,calm,12590.0,4,True
5d4831a4-88c4-4380-a2fb-a424890cab5b,36bc17b1-06c9-4e83-a6a4-3d2ad8e1061d,2025-01-09,27,masculino,medio,universidad,centro,ecologia,ciudad,hibrido,aggressive,25985.0,1,False
456b99a9-f9fa-473e-a944-ed3d288f00da,45e011a6-f64d-4f92-9cec-34cd057f170d,2025-01-25,48,femenino,alto,posgrado,centro,estilo,carretera,hibrido,normal,27613.0,3,True
f128eaca-805a-40a2-80cf-408864fbd628,daa5cbe0-0c99-4049-8f59-63056ecabe50,2025-01-05,41,masculino,medio-alto,universidad,oeste,rendimiento,ciudad,gasolina,normal,14675.0,3,True
a96cad45-52b7-44fc-ab58-851f4583ab89,62ae1c89-39b2-4b87-8616-5fcf68a4111e,2025-01-25,46,femenino,medio,secundaria,sur,tecnologia,mixto,hibrido,calm,17105.0,3,False
435446a4-ecf7-4ddb-8634-3109701ada1b,63dbe2ed-5696-449d-b2a6-14665fac7f2c,2025-01-14,50,masculino,alto,posgrado,norte,ecologia,mixto,hibrido,calm,12171.0,3,False
53fb8792-bbae-4629-a03f-a7cdaa99ab3e,506423e0-af41-4980-bba4-35aa5efda378,2025-01-21,24,masculino,medio-bajo,universidad,sur,rendimiento,ciudad,deportivo,normal,24451.0,2,False
600a4fc8-03a2-448b-adc9-525341466ce8,fe31ab3e-a921-4adf-9c20-95305f7d16a5,2025-01-07,29,masculino,alto,posgrado,norte,tecnologia,ciudad,gasolina,aggressive,29961.0,2,False
ea24f4ff-de55-464b-b3e0-a8f5e06963a3,e1d99e84-deae-42cc-85eb-34b7c91b4cd9,2025-01-25,42,masculino,medio-bajo,secundaria,centro,ecologia,carretera,gasolina,normal,6545.0,4,True
f80b55db-f06a-461c-b8e5-477e19ac64e6,4d756a94-7c5d-46a8-bb0d-4d65656961c2,2025-01-29,41,masculino,alto,posgrado,centro,rendimiento,ciudad,deportivo,normal,14733.0,3,False
a282134f-59a8-4cd6-ac95-5789dcf4c5e4,ef2d6345-2386-44eb-b3b1-4d6760f35e83,2025-01-27,27,masculino,medio-bajo,posgrado,sur,economia,ciudad,gasolina,aggressive,8877.0,2,False
20442822-27ca-42cd-a4b0-fec05f62a399,a38a3867-3e6e-4711-8212-71f4cec00df4,2025-01-24,39,masculino,medio-bajo,universidad,centro,economia,carretera,gasolina,normal,20271.0,3,True
0536e33c-dbdb-43f0-a0c3-07eddfc005dd,42d86fb3-5237-4da2-bf06-c478495bfebc,2025-01-11,33,femenino,medio-bajo,secundaria,sur,economia,mixto,electrico,normal,17176.0,3,True
55d6fd9e-eab9-4d7b-abb4-889fe00b908e,58da5ee0-24ba-4005-8482-60a3c3cbb297,2025-01-23,39,masculino,medio,secundaria,centro,economia,carretera,hibrido,normal,12485.0,3,False
d2561729-e75d-47fc-9480-bdd62c5cf7ce,3cbec94f-47c9-473f-85c3-d73e6ba61e6f,2025-01-23,33,femenino,medio-alto,posgrado,norte,rendimiento,ciudad,electrico,normal,15976.0,3,True
a2f5f499-dac1-496a-b4bc-477b99a30122,4108519e-2c17-4d7c-a034-b9caa438626c,2025-01-24,53,femenino,medio-alto,universidad,oeste,ecologia,mixto,electrico,normal,17873.0,3,True
c0f0075c-1c5c-4b9f-a7de-8ce659146cec,012d24b0-f140-4470-bdc2-1d5c79c3b088,2025-01-08,67,masculino,medio-alto,posgrado,centro,ecologia,mixto,hibrido,normal,19479.0,2,False
f1a9fb81-b270-4e77-81f2-644eb53e58be,0f6b5ce3-1698-4c15-8181-0b66c3ca5168,2025-01-18,54,masculino,medio,posgrado,este,economia,mixto,gasolina,calm,22925.0,3,False
c888bb76-3bdb-40f0-9fcf-26c331c9d10a,2783a445-1b3e-4015-9957-f563b8bc04de,2025-01-30,19,femenino,medio-bajo,secundaria,norte,estilo,ciudad,gasolina,normal,14344.0,3,False
f9649954-1c48-423a-82c0-f36e8c2fb4f2,191badb6-2548-4756-8ea5-096d6147e163,2025-01-20,20,masculino,medio,universidad,centro,tecnologia,ciudad,hibrido,aggressive,39326.0,1,False
cec05d2a-1dcf-418b-a9ce-e36bc74b2a3a,9234a83e-d99b-4203-860c-84f3ab4a3f85,2025-01-16,53,femenino,medio-alto,universidad,centro,rendimiento,mixto,deportivo,calm,25903.0,2,False
19c5d1f7-1979-40b2-a9db-f9d59035823f,06c5d9af-f5e2-4c5c-b929-d4752d23a236,2025-01-17,58,masculino,medio,universidad,oeste,tecnologia,ciudad,electrico,calm,8838.0,4,True
e23248fd-8172-4c67-98fe-fe2c225293b6,11a0294d-3295-499e-a6d2-45fa6da7761f,2025-01-19,51,masculino,medio,universidad,este,economia,ciudad,electrico,calm,5504.0,4,True
f4b52456-c3b7-456e-b472-f381b359707f,4c9f8a09-e456-4dc0-9c8d-d92198db41d2,2025-01-19,59,femenino,medio-bajo,universidad,este,seguridad,ciudad,gasolina,calm,15695.0,3,True
2b101a1e-b2f2-4413-905e-62f8d3d03651,5a1d17d6-51c0-4f90-83ec-5a4157150f11,2025-01-19,42,femenino,bajo,universidad,sur,tecnologia,carretera,gasolina,normal,28390.0,1,False
61511bd7-b5d9-4923-8c3c-c0a063420fe9,26bd5208-b750-4df3-b78a-d9f1bb516538,2025-01-03,31,masculino,medio,universidad,sur,tecnologia,ciudad,hibrido,normal,22064.0,2,False
b99079f4-adf0-4c45-b531-1afdd8261967,e13e15f2-df6f-4371-9e64-bea70e24349d,2025-01-19,64,femenino,medio-alto,universidad,sur,estilo,ciudad,electrico,calm,11942.0,4,True
0c2c41ea-1fce-44d3-924f-74ba24256d68,a1f68cdc-9e6f-4b8b-8fe8-ac52159a9262,2025-01-09,29,masculino,medio-alto,universidad,oeste,economia,ciudad,electrico,aggressive,18758.0,2,False
c7b36687-a667-4c8e-922a-b06ce8be7eab,0c2a2c68-b48b-44e5-8f18-9adb00695abc,2025-01-29,31,femenino,medio,secundaria,norte,rendimiento,ciudad,electrico,calm,29976.0,2,False
d62937de-018a-48e6-9647-3b4caf136c5f,031a351d-9af1-47bf-9e16-6ea40fb30e67,2025-01-13,23,femenino,medio-alto,posgrado,sur,estilo,ciudad,deportivo,calm,35607.0,1,False
14b52e2f-b849-4aa2-a6c8-2841258dbb61,a1798c20-cb80-42d6-9765-ebfb68e33ae8,2025-01-05,19,femenino,medio,secundaria,sur,tecnologia,mixto,hibrido,normal,18002.0,3,True
5333681f-afad-415a-a181-c5452ade0b0f,34c2cc84-209c-45af-bbde-27819e9078ae,2025-01-09,48,masculino,medio-alto,posgrado,sur,ecologia,mixto,electrico,normal,17783.0,4,True
54ed5dd8-463c-45a9-9178-6347a4d0d0fe,b2d64061-da4f-457f-8565-e593b362b715,2025-01-07,29,masculino,medio,posgrado,norte,tecnologia,carretera,gasolina,normal,32005.0,3,True
b4369ecf-be50-4583-94d4-24eded9d438f,52ca1eb3-a961-4d91-b4fb-b03efdd3c975,2025-01-13,42,masculino,alto,universidad,oeste,tecnologia,carretera,gasolina,calm,17427.0,3,True
a6a774af-870e-4bce-b74c-baf4553a7c2a,7423a6ad-e4d6-46dc-8401-01fc6ec9e748,2025-01-09,21,masculino,medio-bajo,posgrado,oeste,rendimiento,carretera,gasolina,aggressive,14137.0,2,False
006b9076-025a-40c6-81e6-8dcf2781dee2,e1455537-edc7-4a51-ab70-5bfd0769b23d,2025-01-04,29,femenino,medio-alto,universidad,oeste,economia,carretera,deportivo,aggressive,10557.0,3,False
eaade0a8-db8e-4294-b34a-bcb251e4a65a,437eb23e-0073-42d8-ac3c-050725e1d2be,2025-01-06,32,masculino,bajo,universidad,este,seguridad,ciudad,gasolina,calm,28846.0,3,False
b60ecfa5-5f05-49f1-a391-45772ed2b365,30ccfb76-c885-4aa6-9e32-d3182873ea47,2025-01-14,34,masculino,medio,secundaria,norte,tecnologia,ciudad,gasolina,normal,10856.0,2,False
415302cb-8a9b-4efc-b999-67d31ac511cc,eb86ad1d-dbc8-4a9e-bf2f-cd37a05dde7a,2025-01-14,37,otro,alto,universidad,oeste,ecologia,carretera,electrico,normal,10943.0,4,True
e502f73a-becb-4788-b728-0d8bea6b1175,8abff493-cfd9-4c2c-b9dd-2efc7a1fe291,2025-01-08,27,femenino,medio-bajo,secundaria,norte,estilo,ciudad,gasolina,normal,20859.0,2,False
36f7e3d0-eb74-474f-960a-066bee44c117,5890ea12-d195-4f38-b4c7-be43ba97fe82,2025-01-07,31,masculino,alto,posgrado,oeste,economia,carretera,gasolina,normal,16319.0,3,False
5266b144-5ab8-4186-8fc3-27ba12381ba5,5034711f-8727-4cc6-9f7f-6fc7beef7c61,2025-01-25,29,femenino,alto,posgrado,oeste,tecnologia,carretera,gasolina,aggressive,24525.0,3,True
83294e88-cc0e-48ad-bf06-462daa9ec42e,48a4b120-2da1-45af-947e-3228bc7a267b,2025-01-08,27,masculino,medio-alto,universidad,sur,rendimiento,mixto,gasolina,aggressive,11567.0,2,False
98655203-3bd8-401f-a7ae-5205fd08afe6,b989820b-976f-4d40-bb95-b4e2d7928d87,2025-01-04,29,masculino,medio-alto,universidad,centro,estilo,carretera,gasolina,normal,30846.0,3,True
de14876b-5a75-4403-9701-e7ec8f340fef,0f1d7373-c2a8-42df-b2d6-9cacac8b24f1,2025-01-06,49,otro,medio-alto,posgrado,oeste,rendimiento,carretera,electrico,normal,12033.0,5,True
ef468031-cbd0-401b-bead-2d6a7d91c140,ee517a5a-048e-436a-badd-629a8a0517e4,2025-01-11,29,masculino,medio-bajo,universidad,este,economia,ciudad,hibrido,aggressive,12290.0,2,False
f5c75e57-5687-42b5-b7f6-6550d6371832,3995470e-2237-4639-a454-6a32f41dc52f,2025-01-26,48,masculino,medio-alto,posgrado,sur,ecologia,carretera,electrico,calm,9453.0,5,True
80c67af4-8953-4622-af58-d96baacf8d4a,b1c77983-b8a1-4f15-a559-07d3c6fd4f9b,2025-01-10,27,masculino,medio,universidad,centro,tecnologia,carretera,deportivo,normal,25763.0,2,False
a6ae3093-cf9d-4a00-b619-0c93d444768f,392d32b4-0cb9-40e4-b323-b908b4863c28,2025-01-09,24,femenino,medio,universidad,centro,estilo,carretera,gasolina,aggressive,33493.0,1,False
b01b91c6-9c86-4f94-9bb1-7085ac733380,0801a87d-9055-479f-9df1-e7e3a36f8a8c,2025-01-25,39,masculino,medio,universidad,oeste,ecologia,mixto,hibrido,normal,29913.0,2,False
d74ec73b-5f01-421e-a765-8b79221d15bb,b0e3763f-d9af-4a4f-a4a4-1c0eabbc9718,2025-01-22,50,femenino,medio-alto,posgrado,este,estilo,carretera,gasolina,normal,5509.0,3,True
3aa1ce3f-e962-44eb-a66d-635f4c0cf1fd,413c5933-497f-4c59-843f-028369e22ca3,2025-01-15,26,masculino,medio-bajo,secundaria,sur,seguridad,ciudad,electrico,aggressive,21911.0,2,False
5ad98d5c-d3bd-4563-a659-56c2ff0db5dd,31e24b51-f182-4e73-9896-64f7d96f3ef0,2025-01-26,30,masculino,medio,secundaria,sur,economia,mixto,electrico,normal,12221.0,3,False
c75382c0-05db-4491-b74f-55773afed9f2,4d7e24aa-a4ac-4661-a511-137a902ff97a,2025-01-04,36,masculino,medio,universidad,centro,seguridad,carretera,deportivo,aggressive,34376.0,1,False
0626665c-daca-409c-8511-52316671ee9e,f13bab7b-9997-4f05-bc73-ee1ae7a320f3,2025-01-04,41,otro,medio-alto,posgrado,este,ecologia,mixto,electrico,normal,17108.0,3,False
807e34e4-e290-489f-8a5d-f15de19f5b70,df9f7bfd-9351-4713-8234-627cbfe9c2b4,2025-01-21,24,masculino,medio,secundaria,sur,tecnologia,mixto,gasolina,normal,9524.0,3,False
e9e3974a-2ec0-432d-a4c6-140c40f66bd3,4f3af165-9da6-40f0-aceb-04ec449f7091,2025-01-11,47,masculino,medio-alto,posgrado,centro,estilo,mixto,electrico,calm,16220.0,4,True
a1692adc-be36-4dad-97c2-2b32027f448b,b92978f6-b68e-4f02-a360-4fe61bb28707,2025-01-15,28,femenino,medio-bajo,universidad,norte,tecnologia,ciudad,deportivo,aggressive,13170.0,2,False
2294fd07-05f8-492e-ad85-c4d77e58fa94,afeaddac-ae7b-4a9b-9554-2003c0c0a5b7,2025-01-03,27,femenino,medio,universidad,este,rendimiento,carretera,gasolina,aggressive,8030.0,3,False
91e89f21-a437-4422-a578-b311aa45da6c,757814e0-4e36-48d2-8b67-554ca7760087,2025-01-30,33,femenino,medio-alto,posgrado,oeste,ecologia,mixto,electrico,normal,22950.0,3,False
6e749836-9eb4-4879-a761-5eaf0f44bbaf,4b838392-5ef0-4a57-bb0f-fd93af9129f1,2025-01-09,47,masculino,medio-bajo,posgrado,oeste,economia,carretera,hibrido,calm,5762.0,3,True
49dbbce0-b9ff-4c08-9da4-c85fdfa32c24,4148718a-595d-49ee-b82f-85e9bdc2bca7,2025-01-03,62,femenino,medio-alto,posgrado,centro,tecnologia,carretera,hibrido,normal,23923.0,2,False
77369e4d-c39d-4a5b-843d-0be2cdc5ff10,f3c54e40-20a5-45dc-a2ed-075ed063da34,2025-01-05,19,masculino,medio-alto,posgrado,oeste,rendimiento,mixto,electrico,normal,24466.0,3,True
483a22a0-8d14-4a27-a6a2-2a3909d92db7,642ee7ce-1219-40e6-9344-2a8f22910a83,2025-01-30,31,femenino,bajo,universidad,oeste,economia,ciudad,gasolina,aggressive,17335.0,1,False
0a5faebc-9807-4575-a399-7c5e014f9491,4e44f2c9-93da-48e1-98be-a95d0fe49dcf,2025-01-19,40,masculino,medio-alto,posgrado,norte,ecologia,carretera,electrico,calm,18838.0,4,True
d7d80745-7234-405b-82eb-32b2daaa56e9,5586899c-0866-4d6b-b068-5edcfae4777c,2025-01-28,43,masculino,alto,posgrado,este,economia,carretera,hibrido,aggressive,30292.0,1,False
21cfce56-ca36-473d-89b8-4a253259e2ca,9bab5eb0-5912-4e04-a9a5-78c1a8babb77,2025-01-03,40,masculino,medio,posgrado,centro,seguridad,ciudad,hibrido,aggressive,32210.0,2,False
a5ab5d4a-0e46-48e2-96c9-b43c3b44b4f8,44113df8-0615-4d98-8903-a9fcdd89a8c3,2025-01-11,36,masculino,bajo,secundaria,oeste,economia,carretera,hibrido,calm,8115.0,3,True
1f03d1a9-e5bb-4304-83a3-1db97fbc74ab,620c01c7-cb1d-4b1b-a488-d4ccf135fdd2,2025-01-29,54,femenino,medio-alto,posgrado,oeste,ecologia,ciudad,electrico,normal,6299.0,4,True
8cd7c485-7b2d-4688-ad28-d8c9b941510d,4d0dcf4d-c112-4130-a562-f9f1c782e037,2025-01-22,32,femenino,medio-bajo,universidad,sur,seguridad,mixto,deportivo,aggressive,9146.0,3,False
47935c5f-80be-4300-9cbe-518a4e9371b6,bc1f133e-5aa5-489a-bff0-9bb997ff40e7,2025-01-16,29,masculino,medio,secundaria,oeste,rendimiento,carretera,gasolina,aggressive,13636.0,2,False
02017bac-f026-4812-9c97-5f7aa2a58f0b,ace88b06-ed6e-4e60-9221-09e306ef14e7,2025-01-08,28,masculino,medio-alto,posgrado,centro,estilo,ciudad,electrico,aggressive,26979.0,2,False
238aa775-c3ee-429c-b2e2-0c38953ce301,5ae1e88b-ac8b-4489-a4a9-3318b6376c35,2025-01-09,40,masculino,medio,secundaria,sur,economia,mixto,electrico,aggressive,28693.0,3,False
52f33645-3d1e-4411-9898-543a4a489607,f3750ca3-991d-40ef-8850-4b961fa97af7,2025-01-29,40,masculino,alto,posgrado,oeste,rendimiento,carretera,electrico,normal,8766.0,4,True
6c374cda-c659-48bb-8209-9a554a41e007,8dfddb82-26bb-45ce-8e74-3d2014039ed3,2025-01-05,21,masculino,medio,secundaria,sur,rendimiento,ciudad,deportivo,normal,23766.0,2,False
531c237f-e61b-43a6-a026-5ae2ab2aea54,1299d808-8172-46af-a4ae-30464e829bcf,2025-01-11,28,masculino,medio-alto,universidad,norte,estilo,ciudad,gasolina,aggressive,35491.0,2,False
a302717b-5a9e-4463-9494-84a8dad3c5b4,b3dadb30-e750-45aa-8b63-976e35e26692,2025-01-26,20,masculino,medio-alto,secundaria,norte,estilo,ciudad,gasolina,normal,20681.0,2,False
31e0a44a-85f6-42d8-9045-6a8872c08678,2ac51920-0473-4b96-b8ba-f40709fb3029,2025-01-07,64,femenino,medio-alto,universidad,este,seguridad,ciudad,gasolina,calm,25613.0,3,False
e2d5e4d9-1014-4e95-8d2e-4eb706dac107,358fad42-450b-40ce-b891-29c34d69f5a5,2025-01-15,34,masculino,medio-bajo,secundaria,oeste,tecnologia,mixto,gasolina,aggressive,13760.0,2,False
491100d3-1909-4a22-9b51-2133ac60169f,2a95ade4-5f19-45d0-a9eb-95927902c130,2025-01-10,39,masculino,medio-alto,universidad,sur,ecologia,carretera,electrico,aggressive,12693.0,4,True
c6e98715-0103-4972-abbb-ec6a244627ed,71a14ad8-89ed-464a-9368-520e305d8e2a,2025-01-15,23,masculino,medio,universidad,norte,tecnologia,mixto,deportivo,normal,14142.0,3,True
405be46c-a50d-4054-9287-30f704160c32,52787a1a-f56d-4462-9632-935d73287680,2025-01-23,50,masculino,medio-alto,universidad,norte,tecnologia,ciudad,electrico,calm,9693.0,4,True
6c97b4ef-9683-4763-ae52-2c6bc4c2f55d,029fec3b-521a-4d43-878a-26ab6292e661,2025-01-13,41,femenino,medio-bajo,secundaria,sur,economia,ciudad,gasolina,normal,24080.0,2,False
64be50dd-5da7-41e2-8ff9-07a2511dd77b,f58bac33-1d2d-4d88-b2f2-1e50b24ee895,2025-01-26,54,femenino,medio-alto,posgrado,oeste,estilo,carretera,electrico,normal,24265.0,2,False
f21affa0-8cb1-43ac-bb2a-93ddb57275d2,f3a919bf-76ee-4c94-ac09-b204186b8c4c,2025-01-11,40,masculino,medio-alto,universidad,norte,ecologia,ciudad,electrico,calm,5741.0,5,True
6ed247a7-97fb-4765-a906-4c9f42daff20,d0caaa3f-0c48-4a4f-969f-7a547fe2c34a,2025-01-16,32,masculino,medio-alto,posgrado,oeste,seguridad,ciudad,gasolina,calm,21894.0,3,True
dc84f5d1-d576-46d2-ba03-f80f9feba764,85b136a7-5d2a-4c17-9b9d-346ad2c4b325,2025-01-17,23,femenino,alto,secundaria,este,rendimiento,ciudad,deportivo,normal,25818.0,2,False
4f51a676-2c9d-4ec2-919f-72a2ba6f0c81,d6dc172e-fbda-4bc5-bc9b-dfff0146f5c8,2025-01-20,40,femenino,medio-bajo,secundaria,centro,rendimiento,mixto,gasolina,aggressive,8023.0,3,True
244f9ebf-d66a-43a5-a200-bb1c924035e7,edd232fe-fae9-41f8-ac02-f090668755c6,2025-01-22,53,otro,medio-alto,universidad,oeste,ecologia,carretera,hibrido,normal,27089.0,2,False
80cdd660-8c3f-47b7-b2d6-7c7c0617beaf,13897f6e-f88f-4871-b287-16eb5a3b60bb,2025-01-11,29,otro,medio,universidad,centro,rendimiento,ciudad,gasolina,aggressive,38744.0,1,False
edd3782c-d7e3-48ae-8818-04ccf08f47b6,25d8eee9-06c9-4878-a509-f10d909d1997,2025-01-09,32,femenino,medio-bajo,universidad,sur,economia,mixto,hibrido,normal,21879.0,2,False
193180d8-265b-4fe7-a4db-c23f768ef908,4cc4331d-6abd-4927-9383-ca0271a3a95f,2025-01-06,21,masculino,medio,secundaria,sur,rendimiento,mixto,deportivo,aggressive,10670.0,2,False
9b4b2cf3-deb9-4205-a42c-9ea850aab51a,808b5560-2dbf-4e2c-a8f1-12a2c3606f3a,2025-01-07,28,masculino,medio-bajo,secundaria,sur,rendimiento,carretera,gasolina,normal,26693.0,2,False
c5033414-dbdf-4ae7-9852-4f6e7b3ae24e,33737d2f-7d65-4b9b-987f-2b1d1ae3c3d3,2025-01-14,18,masculino,medio-bajo,posgrado,sur,ecologia,mixto,electrico,normal,19911.0,2,False
f9fbf3a7-81bf-47be-9381-7c2b5395f6c6,05b599aa-6b87-4bdc-b055-ca0395573659,2025-01-03,18,masculino,medio-alto,universidad,norte,estilo,ciudad,gasolina,normal,26584.0,2,False
88e4a6e5-404f-4816-91a3-e9afbad1b55f,a02caa3d-a1a1-40c8-b6d3-eeff4f893b6e,2025-01-02,36,femenino,medio,universidad,sur,ecologia,ciudad,electrico,normal,5873.0,3,False
6fc74fb3-825d-4d9d-b07f-bc303604954d,78c0eaef-bc56-42f1-9cfa-563109432d44,2025-01-14,18,masculino,medio-alto,universidad,centro,estilo,ciudad,deportivo,aggressive,41293.0,1,False
c4868c05-c63e-4908-a70e-1c254bae01d4,c8b791f5-055e-416e-afe3-71c54d3d8f6f,2025-01-15,52,masculino,medio,universidad,este,tecnologia,mixto,gasolina,normal,15005.0,3,True
a0f76005-b8c5-42de-aaf1-09581c248d9f,8bf743ea-6f95-4f66-af92-7539e1ebab59,2025-01-28,34,masculino,medio,universidad,sur,economia,ciudad,electrico,normal,9184.0,3,True
9562e157-ea3a-423d-9a7e-35f935d28d2c,38d7929e-5f1b-4c02-8022-a9da76cdb7a2,2025-01-08,33,femenino,medio,universidad,centro,economia,carretera,gasolina,normal,20311.0,3,True
8dd6a2c3-2646-4130-801e-903988c6a990,25f8f3e0-348f-4691-ae16-61a92c6b9744,2025-01-04,38,masculino,medio,secundaria,centro,ecologia,ciudad,electrico,aggressive,27196.0,2,False
5fc3ec5e-689b-44cd-a59d-d2d7a2c294f7,8dff7a50-0128-4b4c-bf5b-1232e2b81da7,2025-01-28,41,masculino,medio-alto,universidad,centro,seguridad,ciudad,electrico,normal,20428.0,2,False
1eb5b9d7-a4cc-4138-95a8-92465f2fc552,127ff0a9-d587-49a9-9a32-0ebb0bb445a7,2025-01-16,37,masculino,medio,universidad,oeste,ecologia,carretera,electrico,aggressive,7625.0,3,True
d90531c1-b680-4bb3-94de-00c6b8cc9d7e,01b86213-c825-4914-b095-74f08e09f391,2025-01-24,37,masculino,medio-alto,universidad,sur,tecnologia,ciudad,hibrido,normal,14933.0,3,False
b07a34fa-82b3-4f74-a313-d83b1c03017c,79b440b8-f123-4211-9f82-264bd5d6b6ff,2025-01-10,26,masculino,medio-bajo,posgrado,norte,tecnologia,ciudad,deportivo,aggressive,27093.0,2,False
51047a06-2452-4c8d-be7c-347885580bf9,c1113b8a-bffa-4a73-8b57-f35fd6ed9540,2025-01-17,49,femenino,medio-alto,universidad,norte,economia,ciudad,hibrido,calm,9536.0,3,True
34960713-6f83-472c-9292-9dc39b4a7e15,2dad31f2-c7e1-41f9-81b1-09cee67f28cb,2025-01-16,32,masculino,bajo,universidad,norte,seguridad,mixto,hibrido,normal,19868.0,3,True
79e22ae4-a29c-48f3-a883-758a70f68830,7e28a243-3282-4ce6-b699-809e9cebc722,2025-01-12,39,masculino,bajo,universidad,oeste,economia,carretera,gasolina,normal,22864.0,2,False
a02a9d1c-3fa0-49cc-8b09-79705dcbb981,57e7dbdb-eaaa-432b-9ae0-a6824fd2f1d7,2025-01-10,32,masculino,medio-bajo,universidad,norte,seguridad,mixto,deportivo,aggressive,14357.0,2,False
8953ac79-f6ae-4533-b7c2-23b7b707bff8,0a62e1fd-1766-4155-b435-6e2d8ca52d53,2025-01-04,53,masculino,medio-bajo,universidad,norte,economia,mixto,gasolina,calm,15727.0,3,False
3010a79e-1f27-434d-82cb-b50b721e1968,5720eb87-84e3-40f3-9f76-6ec0c1213ba9,2025-01-01,22,femenino,medio-bajo,universidad,este,estilo,mixto,gasolina,calm,34487.0,2,False
4d500ffe-6fc4-4cc7-b940-e6ff8b5def87,ac6cedab-8547-4cbd-b96f-250e603c2f06,2025-01-16,33,femenino,medio-bajo,universidad,sur,estilo,mixto,gasolina,normal,10947.0,3,False
ed067dd2-0625-434d-b687-ad13e7879bcf,80ffd46d-4415-40d2-8c39-dc840dfb1569,2025-01-19,38,femenino,medio,universidad,este,seguridad,ciudad,hibrido,normal,14087.0,3,False
6285af39-50bd-462b-9bec-2d0a89fa8c70,9fafac2f-1693-4b53-9d53-9622d5252953,2025-01-07,47,masculino,medio-alto,posgrado,oeste,tecnologia,mixto,electrico,calm,16053.0,4,True
87f78e72-d93c-4b3f-b740-f8a4e11e1883,212fbb24-d77b-41e1-bd23-f107806554f2,2025-01-27,30,femenino,medio-alto,posgrado,centro,estilo,ciudad,electrico,normal,32351.0,2,False
6e3de447-83be-43d5-b50e-d2954d16eb04,e32c8b35-7bf2-42c0-bb79-73a887ceb894,2025-01-04,19,masculino,bajo,posgrado,este,seguridad,ciudad,deportivo,normal,30447.0,2,False
eb9d0b04-fe86-4063-b983-191c2dfaf1d3,56a9dd00-6abe-48d1-86ef-b9ef6eb0f854,2025-01-23,29,masculino,medio-bajo,secundaria,sur,estilo,ciudad,gasolina,normal,20549.0,2,False
26e91ece-b185-4ad0-a54c-a99a40fd15e4,3fad42ac-5a44-422e-a245-342af178af8e,2025-01-08,41,masculino,medio-alto,universidad,este,rendimiento,carretera,deportivo,aggressive,11151.0,2,False
248135d7-5271-4a79-ba71-3ea07de667a0,78cb41d2-100d-4c8b-9614-e8b859d81424,2025-01-30,64,femenino,alto,universidad,oeste,tecnologia,mixto,hibrido,normal,10695.0,2,False
6006b215-0fb1-491d-bb1f-ac32497c624b,5386f61d-3fab-498c-bacd-3fc028491e0b,2025-01-11,34,femenino,medio-bajo,secundaria,centro,rendimiento,mixto,gasolina,calm,17159.0,2,False
bd832227-357b-4a1e-b5ce-2761da1add9c,15e6a92e-6f91-461a-8a2b-9695a48c6fe5,2025-01-14,26,masculino,bajo,universidad,norte,tecnologia,carretera,gasolina,normal,32184.0,1,False
dd879e48-cc55-4e32-9291-09feda5f103e,d9f1191f-49b6-4ac4-9493-32aa2502d5ac,2025-01-07,32,femenino,alto,universidad,oeste,seguridad,ciudad,electrico,normal,13320.0,4,True
a2c6324b-644d-4408-a696-04e3dd062758,7593c188-b872-48e6-ba61-0c03cd3d2fb6,2025-01-19,24,masculino,medio-alto,universidad,sur,estilo,ciudad,gasolina,normal,11052.0,3,False
165ac93c-10ca-4d2a-b012-9603b158722c,488d6eb8-9a2b-4194-b3bf-49e9928c67f6,2025-01-30,38,masculino,bajo,universidad,este,seguridad,mixto,hibrido,normal,15071.0,3,False
5eb6fff8-23eb-4eb3-88dc-86186f75b90d,fd1d8148-14fa-4862-aa7d-613f6730389d,2025-01-20,32,masculino,medio,universidad,centro,seguridad,carretera,gasolina,aggressive,29898.0,2,False
23200b6f-6292-4de8-8ff2-a54c397c5be9,b42f31b0-8256-4a33-accf-1a4f8bd93953,2025-01-12,43,masculino,medio-alto,universidad,sur,economia,ciudad,hibrido,calm,18120.0,2,False
8e9704de-782c-4057-81f8-fc411e6bc066,1b2b22b7-a0f7-47f9-95a7-0cdc765c9a0f,2025-01-25,34,femenino,medio-alto,universidad,oeste,seguridad,ciudad,electrico,normal,11145.0,3,False
126607fe-564a-4d95-8ead-83c5d41f2548,f88ba232-7fc3-4997-a4e5-6c6e741c9e67,2025-01-22,67,masculino,medio-alto,universidad,centro,rendimiento,mixto,electrico,normal,18741.0,3,False
9986889d-d939-4dfa-8f1d-d9132cd9d1c5,930abde6-4ee3-425a-a553-b72117271a2d,2025-01-14,27,masculino,medio-alto,universidad,centro,tecnologia,carretera,gasolina,normal,21095.0,3,True
6c125984-eb08-4859-85a5-47ea7f02a33d,22b4803c-1b35-493e-8102-7ed240d195f7,2025-01-16,64,femenino,medio-bajo,posgrado,centro,rendimiento,mixto,gasolina,normal,15418.0,3,False
fc908af0-f5b8-4026-8efb-0aeaa36ff0ff,de3e4103-ab5c-4712-b489-5229aa438940,2025-01-20,33,femenino,medio-bajo,universidad,oeste,seguridad,mixto,gasolina,normal,29871.0,2,False
b90b2f61-6ca9-4f1e-8f12-3750e6e33cac,9327023c-e508-47fa-86fd-31edd40339a2,2025-01-11,54,femenino,medio,universidad,oeste,economia,carretera,hibrido,normal,9118.0,3,True
1cfc38a1-4306-4cf7-920c-f58a5478dafe,43c8ff95-16d9-49fd-a115-76fdb4db0577,2025-01-10,37,femenino,alto,posgrado,sur,rendimiento,mixto,deportivo,aggressive,7296.0,3,False
35e9d7da-4aad-4301-bc79-ecf7e7ee447b,f96a9565-dc00-4423-938f-7f4167316cb3,2025-01-11,43,masculino,medio,universidad,sur,economia,mixto,hibrido,normal,9380.0,2,False
85964989-d167-4e67-9ab3-08b2249c3915,293ed4c1-2a11-4f4c-b620-547e76a941b0,2025-01-26,43,masculino,bajo,universidad,centro,economia,mixto,hibrido,normal,12974.0,3,True
dcd6eedf-c67c-4fd3-81ec-0d4db2ee8c59,8f16604d-a1ae-49be-97bb-d22ee56c1fd4,2025-01-10,41,masculino,medio-alto,posgrado,oeste,rendimiento,carretera,gasolina,calm,5093.0,4,True
7c1679f5-e22b-4dda-b26e-5bd7c4c24cb7,b94b5383-6505-4187-9877-04f29af28b93,2025-01-10,30,otro,alto,universidad,oeste,rendimiento,ciudad,deportivo,aggressive,19540.0,3,True
c2d03e69-9940-4318-8dda-06e1d103c555,844c7ee1-d6f1-4e01-96dd-a0b35eff976e,2025-01-18,42,masculino,medio,universidad,oeste,economia,ciudad,electrico,normal,18208.0,2,False
d1c73af0-e594-44e0-8691-24f52db31859,362ad671-ba92-4049-9e7a-c0c13b48764a,2025-01-21,36,masculino,medio-alto,universidad,norte,economia,carretera,hibrido,normal,20210.0,2,False
133d2cbb-1898-4858-9564-40cd4e034bcd,e10f41ee-48c0-4152-a316-a45f0bf2f2ec,2025-01-30,57,masculino,medio,secundaria,oeste,estilo,carretera,gasolina,calm,9256.0,3,False
325b5393-f557-4e3a-a4b1-519c0527a3d6,4ad43f49-7962-4a5c-9cfb-b3e0cdde19b8,2025-01-02,56,masculino,medio-bajo,universidad,este,seguridad,ciudad,hibrido,aggressive,17386.0,2,False
4e1c9635-bc2f-425d-bbc7-8aa80bfdd0d6,df8d6c72-aa94-4ec5-a160-c97e4444062a,2025-01-30,26,masculino,medio,secundaria,norte,economia,ciudad,gasolina,normal,10129.0,3,False
2d52ae91-afb8-4167-b5ed-a7cd3c56c0e1,38a2d744-c2d3-47ee-8d70-22fa687db41b,2025-01-09,67,masculino,medio,secundaria,oeste,tecnologia,carretera,gasolina,calm,15940.0,3,False
75b33e82-ed40-4924-94d6-af3f05095466,8d0c69ca-e55a-471b-b35b-e1052c4c4bef,2025-01-18,34,femenino,medio,posgrado,sur,economia,ciudad,hibrido,normal,6553.0,3,True
9d1a5198-33ad-4992-b223-c745515a21f4,c0d1c1d5-fe21-434d-9c20-b6282e6c6c82,2025-01-10,43,masculino,medio,secundaria,este,economia,mixto,gasolina,calm,27142.0,1,False
2146b9a3-1326-4993-8778-3408de62c8f7,2ca9e3b8-9466-44c4-9f2f-a98d39b68eaf,2025-01-18,47,femenino,alto,posgrado,oeste,ecologia,mixto,hibrido,calm,23912.0,3,False
7b418545-924d-4116-8a28-440053398737,c437433b-38f2-4828-b8f9-eab95f2c8ae6,2025-01-10,66,masculino,alto,posgrado,este,tecnologia,ciudad,electrico,normal,18871.0,3,False
de8286ba-d2c2-4574-81bd-f0246e5c36d1,5209fb1f-01bf-4da1-b554-88ebbc6d0aa3,2025-01-05,49,femenino,medio-alto,posgrado,este,ecologia,ciudad,electrico,calm,18850.0,3,False
075246cb-2024-4b3e-9b65-6348d52cae85,df81dd35-b645-4882-b5b1-30086d57d339,2025-01-12,36,otro,medio-bajo,universidad,norte,economia,ciudad,gasolina,normal,13674.0,3,False
8fdaf341-8a1b-47c4-99cf-e9c7bcbfd3a0,fb97fc6c-d5e3-4eac-9abb-8e965bcab921,2025-01-05,56,masculino,medio-bajo,posgrado,sur,seguridad,mixto,electrico,calm,8660.0,3,False
6068f128-ed7f-4504-bd4d-eea1655d485a,d0949b7a-0c49-4e24-a4bc-f6a9029469fa,2025-01-11,49,femenino,medio,secundaria,oeste,economia,carretera,hibrido,normal,21646.0,2,False
70b4075e-94fe-4c0b-96f1-f5f7da9940f7,b303fced-994e-4487-a3ee-2ad75f4f1344,2025-01-19,22,femenino,medio-bajo,universidad,oeste,economia,mixto,hibrido,aggressive,13930.0,3,True
91c9a77c-5ee8-4c00-bcb8-c99e601fbea0,39bae20d-7572-4beb-b999-dd8304a8bca4,2025-01-27,65,femenino,medio-alto,posgrado,sur,tecnologia,carretera,hibrido,normal,6932.0,3,True
374ae44c-eb6f-49cb-995f-6300be1f8b27,e03aad53-4814-499d-a921-5ce7d56e8584,2025-01-23,29,femenino,medio,secundaria,este,rendimiento,mixto,gasolina,aggressive,29332.0,1,False
b8652d2e-6a10-4d50-b73e-43851d3c6139,59741ed9-e30c-4781-a5c2-585e255fdcaf,2025-01-14,32,femenino,medio-bajo,secundaria,sur,tecnologia,mixto,gasolina,calm,24478.0,3,True
92c0ba83-9cd0-4cea-a14d-7ae610c9f1ed,9bd717a9-b83e-4287-964b-93f3cf85fca9,2025-01-19,39,otro,medio,universidad,centro,seguridad,carretera,gasolina,normal,22196.0,3,False
c86af399-84e3-4141-a71b-9511db558e59,bc47c84b-67a5-4f31-8170-4265489d772a,2025-01-06,20,femenino,medio,universidad,sur,rendimiento,ciudad,gasolina,aggressive,16134.0,2,False
c5214575-dcbf-4eb7-b730-fc3bc898906c,6d24e3e1-26cc-4b02-8df0-e92e78dc0e20,2025-01-04,48,masculino,alto,posgrado,sur,rendimiento,carretera,gasolina,normal,24636.0,2,False
79366848-204e-4083-836f-2dd0e5672f7c,11d7c807-7beb-4949-bc2b-9aceca28219a,2025-01-25,65,femenino,alto,universidad,sur,estilo,carretera,gasolina,normal,15673.0,3,False
97a976ca-1975-4a57-b2bf-63bf3261cbec,16a4fbe7-ac69-49ce-8cc1-799df2b235b9,2025-01-20,66,masculino,alto,posgrado,norte,ecologia,mixto,hibrido,calm,25666.0,2,False
fb4f28b8-cf0a-47df-9e97-cd1ffeac9966,ff9ca430-d2c2-490b-a8e2-39a1523e873b,2025-01-21,21,femenino,medio,secundaria,este,rendimiento,mixto,deportivo,normal,25378.0,2,False
c3a0acf4-c59f-4d59-a83c-0cc9d5ebbecb,bfd9dd10-c444-458d-823e-ca78cbe2a1d6,2025-01-24,18,femenino,bajo,secundaria,norte,estilo,mixto,gasolina,normal,8899.0,3,True
d80e9d60-dd48-41c4-a967-b79ac102d204,4d4711f3-f3ac-40fa-95f6-f4de15ce42de,2025-01-27,37,masculino,medio-bajo,universidad,norte,seguridad,carretera,deportivo,calm,5008.0,3,True
b741d290-fad8-4f4e-9bae-98faf2b4efdc,1a787d53-6b29-4b3c-8081-b4b9fc5f2de1,2025-01-07,67,masculino,medio-alto,posgrado,norte,seguridad,carretera,electrico,calm,26511.0,3,False
898b4ed1-cf6e-4043-b04a-3d152c179b2d,58e0aeeb-025b-4455-a97c-2e13cf4687a9,2025-01-18,26,masculino,medio,universidad,norte,rendimiento,carretera,deportivo,normal,11055.0,3,False
12e4f12a-1df9-4347-9642-4c15ef34fb97,febe3579-c177-4f1d-ac37-28eaa84272e6,2025-01-07,36,masculino,medio-bajo,secundaria,sur,ecologia,ciudad,electrico,calm,19255.0,2,False
bb88828c-8364-4379-babf-6605a761dee0,698b3cac-92b3-4e51-b8fe-d1cb37b04378,2025-01-11,39,masculino,alto,posgrado,oeste,seguridad,ciudad,deportivo,aggressive,15615.0,3,True
f8698f6c-f70f-469c-8be8-7a09c6c54324,53b0d224-45c7-4cbc-8edc-a8ff836e74c4,2025-01-02,50,femenino,medio,secundaria,centro,economia,mixto,gasolina,normal,19997.0,2,False
426fd575-8118-460c-870c-37ad21071986,c04d85d5-629a-4b88-ad73-8fd750e58d7c,2025-01-10,44,femenino,medio,universidad,sur,economia,ciudad,electrico,calm,21552.0,3,True
2585e1a4-2618-48b5-a008-e17c79ddf78d,abc68357-c194-424e-b4ef-88cc1dfc057a,2025-01-02,19,masculino,bajo,posgrado,oeste,rendimiento,mixto,gasolina,aggressive,12288.0,2,False
0663a754-d675-43f0-ac31-e40bbbef5bbe,c62fb7ca-7a85-41cb-9753-0f4bcf7f4214,2025-01-12,19,femenino,medio-alto,posgrado,sur,rendimiento,ciudad,deportivo,aggressive,36249.0,1,False
d4189772-299d-43e4-b867-054286b82de5,af9b51bc-c085-46f2-9cae-4e41e2fd73c0,2025-01-18,34,femenino,alto,posgrado,este,tecnologia,ciudad,electrico,normal,15668.0,4,True
9a35502c-9b9f-4f75-9ba3-5eccd8175902,7f9dbbdf-b960-48fb-bfac-8f30d8dd009c,2025-01-17,36,femenino,alto,posgrado,sur,tecnologia,carretera,gasolina,normal,6683.0,3,True
47ddef9f-a378-440a-a298-aa5d1f058f22,60195338-c206-4c6b-be00-a701b4637a70,2025-01-03,21,masculino,medio,universidad,sur,economia,mixto,gasolina,aggressive,28536.0,2,False
ce5eb19b-acd2-4ad4-856b-3001a0ae50fb,a2d6af09-c016-4dfe-acce-8d838254e46b,2025-01-02,43,masculino,medio,universidad,norte,rendimiento,carretera,deportivo,calm,20192.0,3,False
c5c6e227-dd5e-4f99-b096-94bfcb89bc2d,c26d98c2-6b6d-438c-a687-60929c955fba,2025-01-19,32,masculino,bajo,universidad,norte,economia,mixto,gasolina,normal,6203.0,3,True
1b0a64c5-94b8-46c2-8686-a55dee77673b,d3ed7577-3c77-4104-afc5-537100f6b692,2025-01-11,33,femenino,medio-bajo,universidad,norte,seguridad,ciudad,gasolina,calm,27085.0,3,False
eeeabf89-5030-4161-a907-3f52a688fc51,8cafd5c2-dfe5-429d-afa3-4d6cc6021bec,2025-01-18,32,femenino,medio-bajo,universidad,oeste,tecnologia,carretera,electrico,normal,8251.0,3,False
1ecd2ff4-dc8c-4889-a2dd-2d452ce4c271,ff7f655f-9393-4616-9d8d-d4ec221f8daa,2025-01-23,44,femenino,medio-alto,posgrado,centro,ecologia,carretera,electrico,normal,27595.0,3,False
4a0a216f-e6ec-45bc-86ea-5128d45bec89,8ccf3a55-7c28-4603-a5cd-a7b8f9827fc1,2025-01-08,50,masculino,medio-alto,posgrado,centro,tecnologia,ciudad,electrico,calm,24233.0,3,False
5e0bb491-a58c-4be8-b53b-89a0d78b8044,3ed30208-3ead-4012-8774-12aaf3e03bad,2025-01-23,50,femenino,medio,secundaria,oeste,economia,mixto,hibrido,calm,25592.0,3,True
b4439eca-50f0-4f56-9283-87e4033279b6,a72aa216-732a-4e70-95a9-39a0c3428fc0,2025-01-16,33,femenino,bajo,secundaria,oeste,seguridad,mixto,gasolina,aggressive,25474.0,2,False
9114405d-1c8e-49b9-82af-ad11753bf85c,31a0ebd1-9924-45ac-872d-41ce3ed1a90e,2025-01-10,67,masculino,medio-bajo,universidad,oeste,estilo,ciudad,electrico,aggressive,28763.0,2,False
1068dad8-3efc-4aef-8d2c-7fe317304631,8eeccb4d-396c-4d8a-af80-25f0b82df2e8,2025-01-08,60,masculino,alto,posgrado,centro,estilo,mixto,electrico,aggressive,23366.0,3,False
3db73db3-72d3-4d49-9c4c-c84084670152,a3a49cb7-92ca-43be-a841-f82384f4d002,2025-01-12,42,femenino,alto,secundaria,este,estilo,ciudad,electrico,aggressive,33599.0,3,True
5351d2d9-d2a0-4c90-9c54-8c79cd38c860,8375f4ae-b172-48de-9bfc-78460838ef5b,2025-01-29,47,femenino,medio-bajo,universidad,norte,seguridad,ciudad,electrico,calm,27772.0,1,False
baf1dabf-be5b-4790-a540-cdf3a32f472a,65d00c9d-b61c-4a3f-8663-d63af1c0cfa1,2025-01-17,39,masculino,medio-alto,posgrado,este,ecologia,mixto,electrico,normal,10586.0,4,True
c678d6f5-f3f2-499d-9eed-adc9326178f6,da42c9fd-c847-4993-a086-350bff5c552c,2025-01-23,53,otro,alto,posgrado,norte,tecnologia,mixto,electrico,normal,26981.0,3,False
64452508-e102-419a-af72-8e2379348208,ace8205d-582b-46b1-b0ae-91ad1cf0fd44,2025-01-19,43,masculino,medio-bajo,universidad,este,estilo,carretera,gasolina,aggressive,24713.0,2,False
199bbeea-9edf-4192-b851-7c349fcde80e,f9192d54-3658-425b-b661-389c2a58b83a,2025-01-15,52,femenino,medio-alto,posgrado,sur,estilo,mixto,electrico,normal,17844.0,3,True
01fce7bf-a5e9-4caa-a8cf-60eda428a64d,3b28c4d1-3ec7-4f2d-ae4c-1d186cb93986,2025-01-05,50,masculino,medio,universidad,sur,rendimiento,carretera,deportivo,aggressive,26476.0,3,True
d5ae6e0a-1912-464c-8302-9edb1e125730,c3ec73af-a551-4bf9-bec0-d1239c61324a,2025-01-27,29,femenino,medio-alto,posgrado,sur,rendimiento,ciudad,deportivo,aggressive,10226.0,2,False
fd190432-36db-4e23-b3c1-e9d87df42244,6b75c2eb-350f-49ea-9125-215cb9c5451d,2025-01-24,30,masculino,medio,secundaria,oeste,rendimiento,carretera,gasolina,aggressive,39376.0,2,False
fbcfb7ec-38e1-4a38-9c51-23d3c9c81ac1,34c4854d-bb6e-4b12-8ed3-840f542d3187,2025-01-09,67,masculino,medio,universidad,oeste,economia,mixto,hibrido,normal,18861.0,3,False
547852d2-4cdd-4774-8d8f-e2e0749f6889,376b23b8-c466-437b-90f7-febdc18bedbf,2025-01-05,51,femenino,medio,secundaria,sur,estilo,mixto,electrico,calm,20928.0,3,False
cc449de6-bec4-49ee-ba2a-92ba01c989b8,d52aa732-08a0-410d-b057-bf6946f3784e,2025-01-12,40,masculino,medio-alto,secundaria,este,seguridad,ciudad,electrico,aggressive,33345.0,1,False
c90d7fe8-216d-4257-ab33-6deaa60da572,10d2f338-a30b-4a35-bf6d-5c3a57fc3a53,2025-01-26,28,femenino,bajo,secundaria,norte,ecologia,carretera,gasolina,aggressive,7850.0,3,True
d678a47f-2736-4b87-a12b-7293b8e18f2e,c6fff156-25ca-4505-b222-6d8a566f3706,2025-01-22,19,masculino,bajo,secundaria,oeste,estilo,ciudad,deportivo,aggressive,28412.0,1,False
8587fdce-a143-48d2-ad0a-8b0df78d66f0,3ea25c7c-6cd8-4e44-9a3a-d0b7690c45e7,2025-01-01,24,femenino,medio-bajo,universidad,este,rendimiento,carretera,deportivo,aggressive,36874.0,1,False
304c8a22-59ec-45af-bada-32f326b8f090,3b0f42a3-bf85-4a16-9238-9fdb138a2262,2025-01-18,53,femenino,medio-bajo,universidad,centro,estilo,mixto,hibrido,calm,29811.0,2,False
fbd4c053-21a8-460e-acc4-c5d5d846841d,1d92c564-8e4c-4eb5-b80b-a9e26f80b379,2025-01-02,28,femenino,medio-bajo,posgrado,oeste,rendimiento,carretera,deportivo,aggressive,27404.0,1,False
49220a6d-aa4f-4db4-90a0-04a15dbee7c4,57d0238e-6235-430b-ae71-03cca81a3a12,2025-01-03,27,femenino,medio-bajo,universidad,norte,tecnologia,ciudad,gasolina,normal,7367.0,3,True
c03c7ba4-3286-409c-b20c-e2f3291dc0cf,d729340a-6a64-47cd-bd04-3c8e37991e64,2025-01-19,36,masculino,bajo,secundaria,centro,economia,carretera,gasolina,normal,11016.0,3,True
e55f0e4c-3723-4ed9-8c32-ce80766067fd,e936fedc-1263-40df-8656-d320adc2fd56,2025-01-08,29,femenino,alto,posgrado,norte,ecologia,ciudad,gasolina,normal,10808.0,3,True
d5ced0aa-eaac-4940-9bd1-257436d524ae,4c1fcca2-579e-45e8-83d9-6ff1d3fc467f,2025-01-28,33,femenino,medio,posgrado,sur,economia,carretera,hibrido,normal,7706.0,2,False
